SEASON_ID,TEAM_ID,TEAM_ABBREVIATION,TEAM_NAME,GAME_ID,GAME_DATE,MATCHUP,WL,MIN,PTS,FGM,FGA,FG_PCT,FG3M,FG3A,FG3_PCT,FTM,FTA,FT_PCT,OREB,DREB,REB,AST,STL,BLK,TOV,PF,PLUS_MINUS,PLAYOFFS,JOKIC_PTS,JOKIC_REB,JOKIC_AST,MURRAY_PTS,MURRAY_REB,MURRAY_AST,JOKIC_MURRAY_STARTERS,REST_PTS,REST_REB,REST_AST
22016,1610612743,DEN,Denver Nuggets,0021600067,2016-11-03,DEN @ MIN,W,240,102,39,81,0.481,6,22,0.273,18,25,0.72,7,37,44,24,10,2,20,24,3.0,0,8,3,5,0,3,4,1,94,38,15
22016,1610612743,DEN,Denver Nuggets,0021600082,2016-11-05,DEN @ DET,L,241,86,31,94,0.33,7,25,0.28,17,20,0.85,16,32,48,15,8,2,16,15,-17.0,0,6,6,0,9,1,2,1,71,41,13
22016,1610612743,DEN,Denver Nuggets,0021600899,2017-03-01,DEN @ MIL,W,240,110,41,84,0.488,10,33,0.303,18,20,0.9,14,31,45,21,8,2,14,15,12.0,0,13,14,10,10,1,5,1,87,30,6
22016,1610612743,DEN,Denver Nuggets,0021601149,2017-04-02,DEN @ MIA,W,241,116,44,87,0.506,5,20,0.25,23,27,0.852,6,34,40,25,9,6,8,14,3.0,0,19,10,7,9,3,0,1,88,27,18
22016,1610612743,DEN,Denver Nuggets,0021601158,2017-04-04,DEN @ NOP,W,241,134,53,99,0.535,13,30,0.433,15,21,0.714,15,35,50,31,3,2,10,20,3.0,0,21,12,4,16,5,5,1,97,33,22
22016,1610612743,DEN,Denver Nuggets,0021601184,2017-04-07,DEN vs. NOP,W,241,122,43,78,0.551,13,32,0.406,23,32,0.719,11,39,50,31,9,4,21,15,16.0,0,23,12,5,30,4,5,1,69,34,21
22016,1610612743,DEN,Denver Nuggets,0021601198,2017-04-09,DEN vs. OKC,L,239,105,40,84,0.476,11,34,0.324,14,15,0.933,4,38,42,22,6,4,12,16,-1.0,0,23,6,3,6,6,5,1,76,30,14
22016,1610612743,DEN,Denver Nuggets,0021601214,2017-04-11,DEN @ DAL,W,242,109,41,84,0.488,18,42,0.429,9,14,0.643,10,43,53,31,7,1,16,14,18.0,0,7,8,4,10,2,10,1,92,43,17
22016,1610612743,DEN,Denver Nuggets,0021601225,2017-04-12,DEN @ OKC,W,240,111,39,85,0.459,7,25,0.28,26,32,0.813,5,38,43,22,6,8,15,17,6.0,0,29,16,8,27,2,6,1,55,25,8
22017,1610612743,DEN,Denver Nuggets,0021700010,2017-10-18,DEN @ UTA,L,242,96,36,77,0.468,13,27,0.481,11,12,0.917,7,31,38,21,4,3,20,18,-10.0,0,7,12,7,8,2,2,1,81,24,12
22017,1610612743,DEN,Denver Nuggets,0021700035,2017-10-21,DEN vs. SAC,W,240,96,37,85,0.435,10,30,0.333,12,20,0.6,18,40,58,25,7,2,16,19,17.0,0,0,9,7,2,2,2,1,94,47,16
22017,1610612743,DEN,Denver Nuggets,0021700047,2017-10-23,DEN vs. WAS,L,241,104,39,80,0.488,8,23,0.348,18,23,0.783,9,35,44,27,5,2,23,22,-5.0,0,29,9,5,8,3,6,1,67,32,16
22017,1610612743,DEN,Denver Nuggets,0021700055,2017-10-25,DEN @ CHA,L,240,93,38,100,0.38,8,31,0.258,9,15,0.6,18,33,51,18,6,1,13,23,-17.0,0,18,12,0,16,3,5,1,59,36,13
22017,1610612743,DEN,Denver Nuggets,0021700072,2017-10-27,DEN @ ATL,W,240,105,42,91,0.462,4,20,0.2,17,23,0.739,11,35,46,25,8,4,11,12,3.0,0,18,15,5,6,3,0,1,81,28,20
22017,1610612743,DEN,Denver Nuggets,0021700087,2017-10-29,DEN @ BKN,W,240,124,47,94,0.5,11,20,0.55,19,22,0.864,4,42,46,23,7,7,6,22,13.0,0,21,14,4,26,1,5,1,77,31,14
22017,1610612743,DEN,Denver Nuggets,0021700094,2017-10-30,DEN @ NYK,L,239,110,35,85,0.412,18,41,0.439,22,31,0.71,13,23,36,20,13,5,13,22,-6.0,0,28,8,2,20,3,2,1,62,25,16
22017,1610612743,DEN,Denver Nuggets,0021700114,2017-11-01,DEN vs. TOR,W,239,129,47,88,0.534,16,32,0.5,19,29,0.655,9,34,43,35,9,4,12,20,18.0,0,8,16,10,24,3,2,1,97,24,23
22017,1610612743,DEN,Denver Nuggets,0021700127,2017-11-03,DEN vs. MIA,W,240,95,36,80,0.45,9,23,0.391,14,25,0.56,13,28,41,17,9,6,17,16,1.0,0,19,14,2,3,1,1,1,73,26,14
22017,1610612743,DEN,Denver Nuggets,0021700135,2017-11-04,DEN vs. GSW,L,241,108,40,87,0.46,6,24,0.25,22,27,0.815,9,37,46,26,9,6,17,18,-19.0,0,8,7,3,9,1,1,1,91,38,22
22017,1610612743,DEN,Denver Nuggets,0021700155,2017-11-07,DEN vs. BKN,W,240,112,44,93,0.473,9,34,0.265,15,20,0.75,9,38,47,26,16,9,19,21,8.0,0,41,12,5,4,2,4,1,67,33,17
22017,1610612743,DEN,Denver Nuggets,0021700168,2017-11-09,DEN vs. OKC,W,241,102,38,82,0.463,9,27,0.333,17,22,0.773,14,31,45,27,7,7,18,15,8.0,0,15,11,3,9,3,2,1,78,31,22
22017,1610612743,DEN,Denver Nuggets,0021700185,2017-11-11,DEN vs. ORL,W,241,125,46,87,0.529,12,29,0.414,21,27,0.778,13,37,50,29,9,4,12,16,18.0,0,12,17,9,32,4,1,1,81,29,19
22017,1610612743,DEN,Denver Nuggets,0021700198,2017-11-13,DEN @ POR,L,239,82,30,84,0.357,9,32,0.281,13,15,0.867,12,23,35,13,9,2,20,16,-17.0,0,6,7,3,18,5,0,1,58,23,10
22017,1610612743,DEN,Denver Nuggets,0021700226,2017-11-17,DEN vs. NOP,W,242,146,56,89,0.629,18,35,0.514,16,21,0.762,13,35,48,37,5,4,14,15,32.0,0,13,11,6,31,2,4,1,102,35,27
22017,1610612743,DEN,Denver Nuggets,0021700240,2017-11-19,DEN @ LAL,L,240,109,36,84,0.429,13,31,0.419,24,35,0.686,17,30,47,18,8,8,20,15,-18.0,0,6,6,1,10,4,1,1,93,37,16
22017,1610612743,DEN,Denver Nuggets,0021700251,2017-11-20,DEN @ SAC,W,241,114,42,86,0.488,15,32,0.469,15,20,0.75,14,35,49,18,6,3,13,13,16.0,0,16,14,3,18,2,1,1,80,33,14
22017,1610612743,DEN,Denver Nuggets,0021700259,2017-11-22,DEN @ HOU,L,240,95,35,87,0.402,10,33,0.303,15,23,0.652,15,28,43,19,11,5,19,14,-30.0,0,17,6,3,8,7,3,1,70,30,13
22017,1610612743,DEN,Denver Nuggets,0021700274,2017-11-24,DEN vs. MEM,W,240,104,40,79,0.506,9,32,0.281,15,26,0.577,15,35,50,24,9,4,20,18,12.0,0,28,13,8,15,6,4,1,61,31,12
22017,1610612743,DEN,Denver Nuggets,0021700301,2017-11-28,DEN @ UTA,L,240,77,28,78,0.359,7,34,0.206,14,16,0.875,12,30,42,13,6,4,17,13,-29.0,0,7,6,6,10,1,2,1,60,35,5
22017,1610612743,DEN,Denver Nuggets,0021700315,2017-11-30,DEN vs. CHI,W,238,111,38,83,0.458,12,31,0.387,23,31,0.742,11,33,44,22,7,4,12,19,1.0,0,8,4,4,5,4,1,1,98,36,17
22017,1610612743,DEN,Denver Nuggets,0021700462,2017-12-20,DEN vs. MIN,L,240,104,36,72,0.5,13,28,0.464,19,24,0.792,8,34,42,27,6,5,21,18,-8.0,0,22,6,4,30,4,3,1,52,32,20
22017,1610612743,DEN,Denver Nuggets,0021700478,2017-12-22,DEN @ POR,W,241,102,42,85,0.494,7,25,0.28,11,15,0.733,16,33,49,19,4,10,14,13,17.0,0,27,9,6,7,2,4,1,68,38,9
22017,1610612743,DEN,Denver Nuggets,0021700489,2017-12-23,DEN @ GSW,W,240,96,38,82,0.463,7,28,0.25,13,15,0.867,10,35,45,25,10,4,18,14,15.0,0,18,9,4,14,6,5,1,64,30,16
22017,1610612743,DEN,Denver Nuggets,0021700503,2017-12-26,DEN vs. UTA,W,242,107,39,81,0.481,11,30,0.367,18,22,0.818,10,43,53,23,3,1,9,21,24.0,0,13,7,5,22,8,2,1,72,38,16
22017,1610612743,DEN,Denver Nuggets,0021700510,2017-12-27,DEN @ MIN,L,264,125,42,91,0.462,15,39,0.385,26,31,0.839,11,37,48,26,3,2,9,24,-3.0,0,22,9,4,21,7,8,1,82,32,14
22017,1610612743,DEN,Denver Nuggets,0021700536,2017-12-30,DEN vs. PHI,L,240,102,35,87,0.402,7,32,0.219,25,34,0.735,10,38,48,18,10,9,13,12,-5.0,0,19,13,6,31,8,3,1,52,27,9
22017,1610612743,DEN,Denver Nuggets,0021700563,2018-01-03,DEN vs. PHX,W,240,134,51,82,0.622,12,27,0.444,20,22,0.909,8,40,48,35,8,9,20,16,23.0,0,14,9,8,13,0,2,1,107,39,25
22017,1610612743,DEN,Denver Nuggets,0021700574,2018-01-05,DEN vs. UTA,W,240,99,38,86,0.442,14,35,0.4,9,15,0.6,4,33,37,24,9,1,10,11,8.0,0,8,10,4,26,6,3,1,65,21,17
22017,1610612743,DEN,Denver Nuggets,0021700585,2018-01-06,DEN @ SAC,L,239,98,35,76,0.461,13,34,0.382,15,21,0.714,8,38,46,20,2,6,25,17,-8.0,0,8,7,10,18,5,0,1,72,34,10
22017,1610612743,DEN,Denver Nuggets,0021700597,2018-01-08,DEN @ GSW,L,239,114,47,95,0.495,8,19,0.421,12,16,0.75,13,26,39,30,8,3,11,16,-10.0,0,22,12,11,21,2,6,1,71,25,13
22017,1610612743,DEN,Denver Nuggets,0021700612,2018-01-10,DEN vs. ATL,L,240,97,38,95,0.4,9,37,0.243,12,20,0.6,14,26,40,27,13,6,12,18,-13.2,0,9,12,7,13,2,3,1,75,26,17
22017,1610612743,DEN,Denver Nuggets,0021700625,2018-01-12,DEN vs. MEM,W,240,87,27,70,0.386,7,22,0.318,26,32,0.813,12,35,47,15,8,3,14,18,9.0,0,14,7,3,11,4,3,1,62,36,9
22017,1610612743,DEN,Denver Nuggets,0021700633,2018-01-13,DEN @ SAS,L,237,80,29,83,0.349,7,28,0.25,15,17,0.882,11,30,41,18,9,4,15,16,-32.0,0,23,9,7,2,1,2,1,55,31,9
22017,1610612743,DEN,Denver Nuggets,0021700651,2018-01-16,DEN vs. DAL,W,238,105,40,86,0.465,8,26,0.308,17,26,0.654,15,32,47,23,10,3,18,23,3.0,0,29,18,7,7,3,1,1,69,26,15
22017,1610612743,DEN,Denver Nuggets,0021700671,2018-01-19,DEN vs. PHX,L,240,100,35,78,0.449,14,36,0.389,16,21,0.762,7,35,42,23,7,5,16,20,-8.0,0,14,17,5,30,5,2,1,56,20,16
22017,1610612743,DEN,Denver Nuggets,0021700694,2018-01-22,DEN vs. POR,W,241,104,34,83,0.41,10,30,0.333,26,33,0.788,14,35,49,23,7,8,15,20,7.0,0,16,12,5,38,5,6,1,50,32,12
22017,1610612743,DEN,Denver Nuggets,0021700712,2018-01-25,DEN vs. NYK,W,239,130,48,80,0.6,14,28,0.5,20,24,0.833,2,30,32,36,3,2,13,20,12.0,0,18,7,10,18,5,5,1,94,20,21
22017,1610612743,DEN,Denver Nuggets,0021700743,2018-01-29,DEN vs. BOS,L,240,110,42,93,0.452,10,33,0.303,16,21,0.762,15,32,47,31,4,3,10,14,2.8,0,24,11,5,14,4,8,1,72,32,18
22017,1610612743,DEN,Denver Nuggets,0021700750,2018-01-30,DEN @ SAS,L,241,104,40,86,0.465,10,23,0.435,14,14,1.0,10,28,38,22,11,6,13,14,-2.0,0,13,7,8,18,6,1,1,73,25,13
22017,1610612743,DEN,Denver Nuggets,0021700765,2018-02-01,DEN vs. OKC,W,241,127,50,97,0.515,15,38,0.395,12,17,0.706,9,34,43,32,3,10,11,17,3.0,0,29,13,14,33,3,5,1,65,27,13
22017,1610612743,DEN,Denver Nuggets,0021700782,2018-02-03,DEN vs. GSW,W,240,115,39,91,0.429,12,29,0.414,25,29,0.862,16,32,48,28,7,0,15,17,2.8,0,19,9,5,15,4,2,1,81,35,21
22017,1610612743,DEN,Denver Nuggets,0021700794,2018-02-05,DEN vs. CHA,W,240,121,46,81,0.568,18,34,0.529,11,13,0.846,5,36,41,30,10,2,11,15,17.0,0,15,16,7,18,4,7,1,88,21,16
22017,1610612743,DEN,Denver Nuggets,0021700823,2018-02-09,DEN @ HOU,L,240,104,42,88,0.477,3,28,0.107,17,21,0.81,7,32,39,25,7,2,10,20,-26.0,0,14,7,5,6,1,2,1,84,31,18
22017,1610612743,DEN,Denver Nuggets,0021700832,2018-02-10,DEN @ PHX,W,239,123,45,88,0.511,13,29,0.448,20,22,0.909,6,31,37,20,10,5,13,23,10.0,0,21,9,8,12,1,2,1,90,27,10
22017,1610612743,DEN,Denver Nuggets,0021700852,2018-02-13,DEN vs. SAS,W,240,117,46,93,0.495,10,32,0.313,15,18,0.833,11,24,35,29,10,3,11,18,8.0,0,23,13,11,17,5,1,1,77,17,17
22017,1610612743,DEN,Denver Nuggets,0021700865,2018-02-15,DEN @ MIL,W,240,134,47,85,0.553,24,40,0.6,16,20,0.8,8,26,34,37,9,6,18,23,11.0,0,30,15,17,26,5,5,1,78,14,15
22017,1610612743,DEN,Denver Nuggets,0021700880,2018-02-23,DEN vs. SAS,W,240,122,48,97,0.495,12,32,0.375,14,19,0.737,18,34,52,33,5,3,11,27,3.0,0,28,11,11,9,9,7,1,85,32,15
22017,1610612743,DEN,Denver Nuggets,0021700896,2018-02-25,DEN vs. HOU,L,240,114,44,91,0.484,10,29,0.345,16,24,0.667,12,24,36,33,13,6,13,27,-5.0,0,21,14,8,19,2,5,1,74,20,20
22017,1610612743,DEN,Denver Nuggets,0021700912,2018-02-27,DEN vs. LAC,L,239,120,43,87,0.494,10,31,0.323,24,30,0.8,11,30,41,27,11,7,20,27,-2.0,0,18,6,4,18,2,5,1,84,33,18
22017,1610612743,DEN,Denver Nuggets,0021700931,2018-03-02,DEN @ MEM,W,241,108,40,73,0.548,6,22,0.273,22,26,0.846,6,31,37,18,17,3,22,22,6.0,0,9,9,5,9,2,4,1,90,26,9
22017,1610612743,DEN,Denver Nuggets,0021700937,2018-03-03,DEN @ CLE,W,239,126,47,86,0.547,19,35,0.543,13,15,0.867,6,29,35,35,4,3,9,19,9.0,0,9,7,8,16,3,5,1,101,25,22
22017,1610612743,DEN,Denver Nuggets,0021700961,2018-03-06,DEN @ DAL,L,240,107,38,92,0.413,11,36,0.306,20,26,0.769,11,38,49,23,5,8,14,16,-11.0,0,4,9,5,6,0,0,1,97,40,18
22017,1610612743,DEN,Denver Nuggets,0021700970,2018-03-07,DEN vs. CLE,L,239,108,42,86,0.488,10,27,0.37,14,18,0.778,14,37,51,22,7,2,21,16,-5.0,0,36,13,6,11,7,3,1,61,31,13
22017,1610612743,DEN,Denver Nuggets,0021700983,2018-03-09,DEN vs. LAL,W,240,125,42,83,0.506,15,31,0.484,26,30,0.867,7,29,36,30,10,6,12,16,9.0,0,21,6,6,22,3,8,1,82,27,16
22017,1610612743,DEN,Denver Nuggets,0021700996,2018-03-11,DEN vs. SAC,W,240,130,50,89,0.562,15,37,0.405,15,21,0.714,8,43,51,38,2,4,7,17,26.0,0,20,11,10,20,3,5,1,90,37,23
22017,1610612743,DEN,Denver Nuggets,0021701015,2018-03-13,DEN @ LAL,L,239,103,38,86,0.442,13,40,0.325,14,19,0.737,5,39,44,26,12,4,19,26,-9.0,0,15,9,5,18,6,4,1,70,29,17
22017,1610612743,DEN,Denver Nuggets,0021701026,2018-03-15,DEN vs. DET,W,240,120,43,85,0.506,12,28,0.429,22,28,0.786,10,35,45,26,7,8,15,15,7.0,0,23,12,10,26,9,1,1,71,24,15
22017,1610612743,DEN,Denver Nuggets,0021701040,2018-03-17,DEN @ MEM,L,240,94,32,87,0.368,9,33,0.273,21,29,0.724,18,31,49,17,10,5,7,25,-7.0,0,17,13,2,16,3,3,1,61,33,12
22017,1610612743,DEN,Denver Nuggets,0021701054,2018-03-19,DEN @ MIA,L,290,141,46,100,0.46,18,38,0.474,31,37,0.838,11,35,46,23,10,5,13,25,-8.0,0,34,15,3,23,5,5,1,84,26,15
22017,1610612743,DEN,Denver Nuggets,0021701069,2018-03-21,DEN @ CHI,W,240,135,51,83,0.614,20,35,0.571,13,16,0.813,8,37,45,34,9,6,17,13,33.0,0,21,7,5,16,5,7,1,98,33,22
22017,1610612743,DEN,Denver Nuggets,0021701079,2018-03-23,DEN @ WAS,W,239,108,37,85,0.435,17,34,0.5,17,18,0.944,7,31,38,25,5,10,10,16,8.0,0,25,8,5,25,6,3,1,58,24,17
22017,1610612743,DEN,Denver Nuggets,0021701105,2018-03-26,DEN @ PHI,L,241,104,36,84,0.429,11,32,0.344,21,34,0.618,9,28,37,27,10,7,15,21,-19.0,0,14,7,4,17,3,3,1,73,27,20
22017,1610612743,DEN,Denver Nuggets,0021701109,2018-03-27,DEN @ TOR,L,240,110,42,89,0.472,13,30,0.433,13,14,0.929,10,30,40,26,6,6,11,16,-4.0,0,29,16,8,15,4,3,1,66,20,15
22017,1610612743,DEN,Denver Nuggets,0021701133,2018-03-30,DEN @ OKC,W,265,126,49,94,0.521,10,30,0.333,18,21,0.857,12,46,58,27,4,5,15,24,1.0,0,23,16,6,15,4,5,1,88,38,16
22017,1610612743,DEN,Denver Nuggets,0021701152,2018-04-01,DEN vs. MIL,W,265,128,40,90,0.444,11,36,0.306,37,46,0.804,17,40,57,27,2,8,17,23,3.0,0,35,13,5,27,2,7,1,66,42,15
22017,1610612743,DEN,Denver Nuggets,0021701165,2018-04-03,DEN vs. IND,W,240,107,41,89,0.461,10,32,0.313,15,20,0.75,13,36,49,31,10,8,16,19,3.0,0,30,6,7,12,4,7,1,65,39,17
22017,1610612743,DEN,Denver Nuggets,0021701180,2018-04-05,DEN vs. MIN,W,240,100,35,89,0.393,11,36,0.306,19,22,0.864,13,34,47,21,3,7,10,17,4.0,0,16,14,9,22,2,1,1,62,31,11
22017,1610612743,DEN,Denver Nuggets,0021701191,2018-04-07,DEN @ LAC,W,241,134,53,85,0.624,12,29,0.414,16,23,0.696,7,26,33,36,4,6,7,26,19.0,0,23,11,11,19,3,7,1,92,19,18
22017,1610612743,DEN,Denver Nuggets,0021701211,2018-04-09,DEN vs. POR,W,239,88,31,83,0.373,6,26,0.231,20,26,0.769,10,42,52,22,7,5,12,18,6.0,0,15,20,11,12,2,2,1,61,30,9
22017,1610612743,DEN,Denver Nuggets,0021701225,2018-04-11,DEN @ MIN,L,263,106,41,90,0.456,13,32,0.406,11,18,0.611,10,37,47,19,4,4,12,22,-6.0,0,35,10,3,20,6,6,1,51,31,10
22018,1610612743,DEN,Denver Nuggets,0021800012,2018-10-17,DEN @ LAC,W,240,107,33,87,0.379,8,24,0.333,33,42,0.786,14,42,56,20,6,9,10,22,9.0,0,21,8,5,7,5,3,1,79,43,12
22018,1610612743,DEN,Denver Nuggets,0021800033,2018-10-20,DEN vs. PHX,W,241,119,43,85,0.506,9,28,0.321,24,29,0.828,9,45,54,28,12,6,18,31,28.0,0,35,11,11,26,3,5,1,58,40,12
22018,1610612743,DEN,Denver Nuggets,0021800038,2018-10-21,DEN vs. GSW,W,240,100,35,86,0.407,6,32,0.188,24,42,0.571,13,34,47,21,11,4,8,22,2.0,0,23,11,6,3,2,2,1,74,34,13
22018,1610612743,DEN,Denver Nuggets,0021800051,2018-10-23,DEN vs. SAC,W,239,126,51,99,0.515,11,30,0.367,13,15,0.867,15,34,49,31,11,3,12,22,14.0,0,14,12,6,19,1,4,1,93,36,21
22018,1610612743,DEN,Denver Nuggets,0021800066,2018-10-25,DEN @ LAL,L,239,114,46,92,0.5,6,23,0.261,16,20,0.8,10,34,44,22,8,5,19,22,-7.0,0,24,11,3,22,10,1,1,68,23,18
22018,1610612743,DEN,Denver Nuggets,0021800095,2018-10-29,DEN vs. NOP,W,240,116,42,93,0.452,11,35,0.314,21,23,0.913,9,32,41,28,14,5,13,17,5.0,0,12,9,10,23,5,2,1,81,27,16
22018,1610612743,DEN,Denver Nuggets,0021800106,2018-10-31,DEN @ CHI,W,266,108,45,99,0.455,7,26,0.269,11,18,0.611,17,39,56,24,7,9,16,16,1.0,0,22,12,9,12,8,6,1,74,36,9
22018,1610612743,DEN,Denver Nuggets,0021800112,2018-11-01,DEN @ CLE,W,241,110,41,85,0.482,10,26,0.385,18,21,0.857,14,30,44,22,8,7,12,18,19.0,0,4,6,3,10,1,3,1,96,37,16
22018,1610612743,DEN,Denver Nuggets,0021800131,2018-11-03,DEN vs. UTA,W,240,103,41,83,0.494,9,28,0.321,12,19,0.632,8,40,48,32,8,0,17,26,15.0,0,7,10,16,19,5,4,1,77,33,12
22018,1610612743,DEN,Denver Nuggets,0021800145,2018-11-05,DEN vs. BOS,W,240,115,41,90,0.456,13,34,0.382,20,28,0.714,15,32,47,25,5,4,13,14,8.0,0,8,10,8,48,5,4,1,59,32,13
22018,1610612743,DEN,Denver Nuggets,0021800158,2018-11-07,DEN @ MEM,L,240,87,32,82,0.39,8,32,0.25,15,19,0.789,13,28,41,19,9,3,16,22,-2.0,0,4,7,4,15,4,7,1,68,30,8
22018,1610612743,DEN,Denver Nuggets,0021800171,2018-11-09,DEN vs. BKN,L,239,110,40,87,0.46,5,18,0.278,25,34,0.735,15,39,54,20,3,5,12,28,-2.0,0,37,21,3,16,2,5,1,57,31,12
22018,1610612743,DEN,Denver Nuggets,0021800187,2018-11-11,DEN vs. MIL,L,239,114,41,89,0.461,18,38,0.474,14,20,0.7,10,29,39,27,8,5,10,16,-7.0,0,20,6,6,14,5,2,1,80,28,19
22018,1610612743,DEN,Denver Nuggets,0021800200,2018-11-13,DEN vs. HOU,L,240,99,38,76,0.5,11,25,0.44,12,16,0.75,7,24,31,27,11,2,16,20,-10.0,0,14,12,7,15,1,5,1,70,18,15
22018,1610612743,DEN,Denver Nuggets,0021800228,2018-11-17,DEN @ NOP,L,240,115,46,95,0.484,15,39,0.385,8,13,0.615,10,33,43,30,5,6,13,23,-10.0,0,25,10,8,11,2,6,1,79,31,16
22018,1610612743,DEN,Denver Nuggets,0021800245,2018-11-19,DEN @ MIL,L,240,98,40,94,0.426,12,41,0.293,6,9,0.667,13,30,43,30,6,4,17,20,-6.0,0,20,5,5,17,8,9,1,61,30,16
22018,1610612743,DEN,Denver Nuggets,0021800260,2018-11-21,DEN @ MIN,W,241,103,42,89,0.472,14,35,0.4,5,6,0.833,9,31,40,29,12,4,13,22,2.0,0,7,12,10,18,3,4,1,78,25,15
22018,1610612743,DEN,Denver Nuggets,0021800276,2018-11-23,DEN vs. ORL,W,240,112,44,93,0.473,9,28,0.321,15,17,0.882,12,39,51,33,10,5,11,20,25.0,0,6,10,11,16,5,6,1,90,36,16
22018,1610612743,DEN,Denver Nuggets,0021800282,2018-11-24,DEN @ OKC,W,240,105,39,95,0.411,10,30,0.333,17,24,0.708,15,39,54,26,6,9,14,20,7.0,0,16,6,5,22,8,8,1,67,40,13
22018,1610612743,DEN,Denver Nuggets,0021800304,2018-11-27,DEN vs. LAL,W,241,117,47,97,0.485,9,25,0.36,14,15,0.933,16,44,60,28,7,4,11,17,32.0,0,14,7,7,20,3,4,1,83,50,17
22018,1610612743,DEN,Denver Nuggets,0021800329,2018-11-30,DEN @ POR,W,240,113,40,87,0.46,14,30,0.467,19,26,0.731,13,28,41,28,11,3,11,21,1.0,0,15,6,7,10,2,7,1,88,33,14
22018,1610612743,DEN,Denver Nuggets,0021800347,2018-12-03,DEN @ TOR,W,242,106,40,89,0.449,11,28,0.393,15,24,0.625,15,34,49,32,9,2,20,14,3.0,0,23,11,15,21,7,8,1,62,31,9
22018,1610612743,DEN,Denver Nuggets,0021800356,2018-12-05,DEN @ ORL,W,266,124,45,82,0.549,11,19,0.579,23,37,0.622,4,39,43,34,5,2,10,19,6.0,0,12,8,13,31,4,8,1,81,31,13
22018,1610612743,DEN,Denver Nuggets,0021800368,2018-12-07,DEN @ CHA,L,242,107,39,101,0.386,8,35,0.229,21,26,0.808,20,35,55,24,6,12,9,28,-6.0,0,16,11,6,20,5,7,1,71,39,11
22018,1610612743,DEN,Denver Nuggets,0021800380,2018-12-08,DEN @ ATL,L,239,98,36,97,0.371,9,36,0.25,17,21,0.81,11,37,48,28,11,4,15,16,-8.0,0,24,11,7,4,6,3,1,70,31,18
22018,1610612743,DEN,Denver Nuggets,0021800398,2018-12-10,DEN vs. MEM,W,238,105,39,77,0.506,9,28,0.321,18,23,0.783,11,29,40,22,11,6,13,17,6.0,0,27,12,6,16,0,5,1,62,28,11
22018,1610612743,DEN,Denver Nuggets,0021800426,2018-12-14,DEN vs. OKC,W,241,109,42,83,0.506,11,34,0.324,14,15,0.933,12,36,48,29,8,6,20,24,11.0,0,24,15,9,19,9,1,1,66,24,19
22018,1610612743,DEN,Denver Nuggets,0021800442,2018-12-16,DEN vs. TOR,W,240,95,36,85,0.424,10,30,0.333,13,16,0.813,10,34,44,21,7,4,8,14,9.0,0,26,10,4,19,5,4,1,50,29,13
22018,1610612743,DEN,Denver Nuggets,0021800454,2018-12-18,DEN vs. DAL,W,239,126,50,90,0.556,12,29,0.414,14,18,0.778,12,35,47,33,7,3,15,28,8.0,0,32,16,4,22,7,15,1,72,24,14
22018,1610612743,DEN,Denver Nuggets,0021800479,2018-12-22,DEN @ LAC,L,240,111,41,97,0.423,9,31,0.29,20,25,0.8,13,24,37,21,10,5,9,16,-21.0,0,19,6,3,18,3,2,1,74,28,16
22018,1610612743,DEN,Denver Nuggets,0021800510,2018-12-26,DEN @ SAS,L,239,103,35,90,0.389,18,40,0.45,15,23,0.652,11,36,47,29,10,3,12,17,-8.0,0,4,4,10,9,5,2,1,90,38,17
22018,1610612743,DEN,Denver Nuggets,0021800524,2018-12-28,DEN vs. SAS,W,240,102,39,85,0.459,10,29,0.345,14,17,0.824,16,36,52,29,5,4,20,20,3.0,0,21,9,9,31,6,3,1,50,37,17
22018,1610612743,DEN,Denver Nuggets,0021800533,2018-12-29,DEN @ PHX,W,242,122,42,76,0.553,18,35,0.514,20,26,0.769,10,30,40,31,10,3,21,20,4.0,0,23,8,9,46,6,8,1,53,26,14
22018,1610612743,DEN,Denver Nuggets,0021800551,2019-01-01,DEN vs. NYK,W,240,115,44,95,0.463,12,34,0.353,15,23,0.652,16,37,53,36,7,6,8,19,7.0,0,19,14,15,8,3,5,1,88,36,16
22018,1610612743,DEN,Denver Nuggets,0021800564,2019-01-03,DEN @ SAC,W,240,117,41,89,0.461,14,39,0.359,21,30,0.7,16,38,54,24,3,3,14,20,4.0,0,26,13,6,36,7,6,1,55,34,12
22018,1610612743,DEN,Denver Nuggets,0021800576,2019-01-05,DEN vs. CHA,W,241,123,47,102,0.461,14,39,0.359,15,20,0.75,17,29,46,30,10,6,7,19,13.0,0,39,12,6,8,6,7,1,76,28,17
22018,1610612743,DEN,Denver Nuggets,0021800593,2019-01-07,DEN @ HOU,L,240,113,44,93,0.473,7,29,0.241,18,21,0.857,14,32,46,26,7,3,14,21,-12.0,0,24,13,4,13,2,4,1,76,31,18
22018,1610612743,DEN,Denver Nuggets,0021800601,2019-01-08,DEN @ MIA,W,241,103,41,87,0.471,9,27,0.333,12,17,0.706,15,35,50,32,2,2,16,20,4.0,0,29,11,10,18,4,6,1,56,35,16
22018,1610612743,DEN,Denver Nuggets,0021800618,2019-01-10,DEN vs. LAC,W,239,121,50,99,0.505,11,28,0.393,10,13,0.769,15,38,53,29,7,8,9,23,21.0,0,18,14,10,23,6,2,1,80,33,17
22018,1610612743,DEN,Denver Nuggets,0021800635,2019-01-12,DEN @ PHX,L,239,93,34,88,0.386,10,31,0.323,15,22,0.682,13,37,50,25,7,6,15,19,-9.0,0,23,10,4,12,9,5,1,58,31,16
22018,1610612743,DEN,Denver Nuggets,0021800643,2019-01-13,DEN vs. POR,W,239,116,45,81,0.556,9,22,0.409,17,20,0.85,4,31,35,21,5,0,11,20,3.0,0,40,10,8,24,4,3,1,52,21,10
22018,1610612743,DEN,Denver Nuggets,0021800655,2019-01-15,DEN vs. GSW,L,238,111,42,92,0.457,14,34,0.412,13,16,0.813,9,27,36,30,4,3,8,12,-31.0,0,17,4,8,21,3,4,1,73,29,18
22018,1610612743,DEN,Denver Nuggets,0021800669,2019-01-17,DEN vs. CHI,W,238,135,50,96,0.521,20,40,0.5,15,20,0.75,13,32,45,34,6,2,7,16,30.0,0,18,8,11,25,2,5,1,92,35,18
22018,1610612743,DEN,Denver Nuggets,0021800687,2019-01-19,DEN vs. CLE,W,240,124,50,89,0.562,15,37,0.405,9,11,0.818,12,31,43,33,7,2,11,25,22.0,0,19,11,12,26,2,5,1,79,30,16
22018,1610612743,DEN,Denver Nuggets,0021800715,2019-01-23,DEN @ UTA,L,240,108,42,88,0.477,8,27,0.296,16,20,0.8,12,38,50,20,7,9,14,25,-7.2,0,28,21,6,9,0,3,1,71,29,11
22018,1610612743,DEN,Denver Nuggets,0021800804,2019-02-06,DEN @ BKN,L,240,130,50,99,0.505,13,35,0.371,17,21,0.81,12,36,48,32,7,8,13,26,-5.0,0,25,14,10,19,3,11,1,86,31,11
22018,1610612743,DEN,Denver Nuggets,0021800818,2019-02-08,DEN @ PHI,L,240,110,46,94,0.489,6,26,0.231,12,13,0.923,8,32,40,35,5,3,12,19,-7.0,0,27,10,10,23,5,6,1,60,25,19
22018,1610612743,DEN,Denver Nuggets,0021800847,2019-02-11,DEN vs. MIA,W,241,103,38,89,0.427,16,37,0.432,11,13,0.846,10,35,45,27,7,6,15,17,16.0,0,23,12,4,10,1,5,1,70,32,18
22018,1610612743,DEN,Denver Nuggets,0021800860,2019-02-13,DEN vs. SAC,W,241,120,45,99,0.455,8,31,0.258,22,25,0.88,14,39,53,26,7,1,13,19,2.0,0,20,18,11,10,2,4,1,90,33,11
22018,1610612743,DEN,Denver Nuggets,0021800880,2019-02-22,DEN @ DAL,W,240,114,42,103,0.408,14,37,0.378,16,25,0.64,21,42,63,32,11,2,13,26,10.0,0,19,13,8,12,5,4,1,83,45,20
22018,1610612743,DEN,Denver Nuggets,0021800895,2019-02-24,DEN vs. LAC,W,240,123,44,85,0.518,12,34,0.353,23,35,0.657,12,44,56,30,11,6,22,28,27.0,0,22,16,3,16,4,6,1,85,36,21
22018,1610612743,DEN,Denver Nuggets,0021800910,2019-02-26,DEN vs. OKC,W,239,121,41,88,0.466,13,28,0.464,26,35,0.743,11,36,47,28,9,4,18,28,9.0,0,36,9,10,20,5,5,1,65,33,13
22018,1610612743,DEN,Denver Nuggets,0021800926,2019-02-28,DEN vs. UTA,L,240,104,40,99,0.404,7,25,0.28,17,24,0.708,16,39,55,25,6,5,12,23,-7.0,0,16,13,7,21,4,3,1,67,38,15
22018,1610612743,DEN,Denver Nuggets,0021800941,2019-03-02,DEN vs. NOP,L,241,112,39,92,0.424,9,32,0.281,25,29,0.862,10,34,44,25,13,7,16,22,-8.0,0,20,9,7,20,3,4,1,72,32,14
22018,1610612743,DEN,Denver Nuggets,0021800954,2019-03-04,DEN @ SAS,L,239,103,41,95,0.432,17,40,0.425,4,4,1.0,8,35,43,27,5,3,12,17,-1.0,0,22,10,6,25,2,8,1,56,31,13
22018,1610612743,DEN,Denver Nuggets,0021800974,2019-03-06,DEN @ LAL,W,239,115,45,98,0.459,13,42,0.31,12,17,0.706,18,37,55,33,6,3,8,17,16.0,0,12,17,8,19,8,4,1,84,30,21
22018,1610612743,DEN,Denver Nuggets,0021800984,2019-03-08,DEN @ GSW,L,241,105,33,87,0.379,12,33,0.364,27,35,0.771,14,32,46,21,9,3,17,22,-17.0,0,16,6,4,11,0,3,1,78,40,14
22018,1610612743,DEN,Denver Nuggets,0021801012,2019-03-12,DEN vs. MIN,W,241,133,51,85,0.6,18,30,0.6,13,15,0.867,7,29,36,40,6,6,14,16,26.0,0,18,8,7,30,3,1,1,85,25,32
22018,1610612743,DEN,Denver Nuggets,0021801025,2019-03-14,DEN vs. DAL,W,240,100,39,81,0.481,8,29,0.276,14,17,0.824,8,36,44,27,6,7,11,16,1.0,0,11,14,8,12,5,7,1,77,25,12
22018,1610612743,DEN,Denver Nuggets,0021801040,2019-03-16,DEN vs. IND,W,240,102,39,82,0.476,11,38,0.289,13,20,0.65,9,30,39,27,6,5,10,22,2.0,0,26,7,5,17,3,3,1,59,29,19
22018,1610612743,DEN,Denver Nuggets,0021801052,2019-03-18,DEN @ BOS,W,240,114,46,94,0.489,14,39,0.359,8,10,0.8,11,40,51,29,6,5,17,19,9.0,0,21,13,7,11,4,2,1,82,34,20
22018,1610612743,DEN,Denver Nuggets,0021801075,2019-03-21,DEN @ WAS,W,240,113,46,87,0.529,14,30,0.467,7,11,0.636,9,31,40,30,9,4,8,20,5.0,0,15,6,11,15,4,2,1,83,30,17
22018,1610612743,DEN,Denver Nuggets,0021801082,2019-03-22,DEN @ NYK,W,241,111,40,96,0.417,15,38,0.395,16,19,0.842,17,45,62,24,5,5,8,15,18.0,0,21,17,5,18,5,5,1,72,40,14
22018,1610612743,DEN,Denver Nuggets,0021801097,2019-03-24,DEN @ IND,L,240,88,33,93,0.355,7,29,0.241,15,16,0.938,15,26,41,21,5,7,17,17,-36.0,0,19,11,8,4,5,5,1,65,25,8
22018,1610612743,DEN,Denver Nuggets,0021801115,2019-03-26,DEN vs. DET,W,240,95,37,87,0.425,7,27,0.259,14,20,0.7,11,45,56,22,3,2,14,19,3.0,0,23,15,2,33,3,5,1,39,38,15
22018,1610612743,DEN,Denver Nuggets,0021801126,2019-03-28,DEN @ HOU,L,240,85,31,84,0.369,4,24,0.167,19,20,0.95,7,31,38,22,7,3,14,17,-27.0,0,16,8,6,20,4,3,1,49,26,13
22018,1610612743,DEN,Denver Nuggets,0021801133,2019-03-29,DEN @ OKC,W,240,115,48,85,0.565,14,33,0.424,5,6,0.833,7,32,39,30,6,1,12,21,10.0,0,23,16,3,27,5,9,1,65,18,18
22018,1610612743,DEN,Denver Nuggets,0021801148,2019-03-31,DEN vs. WAS,L,240,90,35,93,0.376,7,36,0.194,13,20,0.65,12,45,57,18,6,5,11,18,-5.0,0,23,14,4,12,2,2,1,55,41,12
22018,1610612743,DEN,Denver Nuggets,0021801164,2019-04-02,DEN @ GSW,L,240,102,36,96,0.375,7,30,0.233,23,29,0.793,12,28,40,23,19,4,15,15,-14.0,0,10,5,6,17,4,3,1,75,31,14
22018,1610612743,DEN,Denver Nuggets,0021801173,2019-04-03,DEN vs. SAS,W,242,113,47,87,0.54,12,33,0.364,7,12,0.583,8,39,47,41,6,3,14,20,28.0,0,20,11,9,14,6,11,1,79,30,21
22018,1610612743,DEN,Denver Nuggets,0021801190,2019-04-05,DEN vs. POR,W,240,119,43,84,0.512,7,27,0.259,26,29,0.897,12,27,39,27,10,4,9,19,9.0,0,22,13,9,23,4,6,1,74,22,12
22018,1610612743,DEN,Denver Nuggets,0021801217,2019-04-09,DEN @ UTA,L,241,108,41,88,0.466,12,25,0.48,14,22,0.636,3,28,31,24,9,3,7,28,-10.0,0,2,5,2,22,5,1,1,84,21,21
22018,1610612743,DEN,Denver Nuggets,0021801228,2019-04-10,DEN vs. MIN,W,241,99,39,87,0.448,10,33,0.303,11,17,0.647,12,41,53,23,6,4,12,12,4.0,0,29,14,2,17,8,7,1,53,31,14
42018,1610612743,DEN,Denver Nuggets,0041800151,2019-04-13,DEN vs. SAS,L,239,96,37,88,0.42,6,28,0.214,16,24,0.667,13,33,46,25,8,3,10,18,-5.0,1,10,14,14,17,2,0,1,69,30,11
42018,1610612743,DEN,Denver Nuggets,0041800152,2019-04-16,DEN vs. SAS,W,241,114,43,89,0.483,10,24,0.417,18,26,0.692,7,34,41,29,5,2,5,21,9.0,1,21,13,8,24,2,4,1,69,26,17
42018,1610612743,DEN,Denver Nuggets,0041800153,2019-04-18,DEN @ SAS,L,241,108,42,81,0.519,15,29,0.517,9,17,0.529,10,27,37,31,3,1,13,21,-10.0,1,22,8,7,6,1,2,1,80,28,22
42018,1610612743,DEN,Denver Nuggets,0041800154,2019-04-20,DEN @ SAS,W,239,117,40,89,0.449,15,31,0.484,22,24,0.917,11,34,45,25,4,2,7,22,14.0,1,29,12,8,24,2,6,1,64,31,11
42018,1610612743,DEN,Denver Nuggets,0041800155,2019-04-23,DEN vs. SAS,W,240,108,39,78,0.5,14,33,0.424,16,20,0.8,7,42,49,25,4,6,13,21,18.0,1,16,11,8,23,4,7,1,69,34,10
42018,1610612743,DEN,Denver Nuggets,0041800156,2019-04-25,DEN @ SAS,L,241,103,44,96,0.458,6,24,0.25,9,12,0.75,12,25,37,26,5,3,7,18,-17.0,1,43,12,9,16,3,6,1,44,22,11
42018,1610612743,DEN,Denver Nuggets,0041800157,2019-04-27,DEN vs. SAS,W,239,90,35,88,0.398,2,20,0.1,18,23,0.783,13,40,53,21,3,8,6,19,4.0,1,21,15,10,23,5,4,1,46,33,7
42018,1610612743,DEN,Denver Nuggets,0041800231,2019-04-29,DEN vs. POR,W,240,121,41,81,0.506,12,29,0.414,27,31,0.871,7,27,34,22,12,7,12,22,8.0,1,37,9,6,23,0,8,1,61,25,8
42018,1610612743,DEN,Denver Nuggets,0041800232,2019-05-01,DEN vs. POR,L,239,90,34,98,0.347,6,29,0.207,16,26,0.615,23,35,58,20,6,5,9,19,-7.0,1,16,14,7,15,7,1,1,59,37,12
42018,1610612743,DEN,Denver Nuggets,0041800233,2019-05-03,DEN @ POR,L,341,137,54,119,0.454,15,42,0.357,14,20,0.7,24,42,66,28,11,8,20,27,-3.0,1,33,18,14,34,9,5,1,70,39,9
42018,1610612743,DEN,Denver Nuggets,0041800234,2019-05-05,DEN @ POR,W,241,116,40,92,0.435,11,25,0.44,25,28,0.893,17,28,45,21,7,4,8,22,4.0,1,21,12,11,34,5,4,1,61,28,6
42018,1610612743,DEN,Denver Nuggets,0041800235,2019-05-07,DEN vs. POR,W,239,124,44,89,0.494,8,24,0.333,28,31,0.903,10,52,62,26,4,4,8,22,26.0,1,25,19,6,18,5,9,1,81,38,11
42018,1610612743,DEN,Denver Nuggets,0041800236,2019-05-09,DEN @ POR,L,240,108,33,86,0.384,12,32,0.375,30,32,0.938,16,28,44,22,7,3,6,23,-11.0,1,29,12,8,24,10,5,1,55,22,9
42018,1610612743,DEN,Denver Nuggets,0041800237,2019-05-12,DEN vs. POR,L,240,96,33,89,0.371,2,19,0.105,28,39,0.718,13,38,51,15,1,9,5,23,-4.0,1,29,13,2,17,6,5,1,50,32,8
22019,1610612743,DEN,Denver Nuggets,0021900013,2019-10-23,DEN @ POR,W,239,108,34,81,0.42,18,32,0.563,22,27,0.815,11,34,45,24,11,4,19,23,8.0,0,20,13,2,14,5,6,1,74,27,16
22019,1610612743,DEN,Denver Nuggets,0021900023,2019-10-25,DEN vs. PHX,W,266,108,36,92,0.391,7,27,0.259,29,36,0.806,8,37,45,21,7,12,14,26,1.0,0,23,14,12,27,7,3,1,58,24,6
22019,1610612743,DEN,Denver Nuggets,0021900050,2019-10-28,DEN @ SAC,W,240,101,36,98,0.367,10,36,0.278,19,21,0.905,19,35,54,19,8,5,10,18,7.0,0,9,13,2,18,4,3,1,74,37,14
22019,1610612743,DEN,Denver Nuggets,0021900053,2019-10-29,DEN vs. DAL,L,240,106,43,91,0.473,11,32,0.344,9,13,0.692,14,36,50,24,6,1,10,24,-3.0,0,10,10,10,16,6,1,1,80,34,13
22019,1610612743,DEN,Denver Nuggets,0021900067,2019-10-31,DEN @ NOP,L,239,107,43,89,0.483,7,26,0.269,14,16,0.875,5,30,35,24,5,3,14,24,-15.0,0,13,6,6,14,3,6,1,80,26,12
22019,1610612743,DEN,Denver Nuggets,0021900079,2019-11-02,DEN @ ORL,W,238,91,27,73,0.37,9,28,0.321,28,39,0.718,7,34,41,15,8,3,13,14,4.0,0,20,7,4,22,4,2,1,49,30,9
22019,1610612743,DEN,Denver Nuggets,0021900102,2019-11-05,DEN vs. MIA,W,240,109,45,86,0.523,9,23,0.391,10,16,0.625,9,38,47,35,10,3,19,21,20.0,0,9,5,5,21,5,4,1,79,37,26
22019,1610612743,DEN,Denver Nuggets,0021900123,2019-11-08,DEN vs. PHI,W,240,100,39,87,0.448,9,22,0.409,13,17,0.765,7,34,41,28,10,11,10,16,3.0,0,26,10,6,22,6,11,1,52,25,11
22019,1610612743,DEN,Denver Nuggets,0021900132,2019-11-10,DEN @ MIN,W,266,100,39,101,0.386,11,28,0.393,11,17,0.647,14,43,57,26,6,4,20,30,2.0,0,20,6,7,15,5,2,1,65,46,17
22019,1610612743,DEN,Denver Nuggets,0021900150,2019-11-12,DEN vs. ATL,L,240,121,46,104,0.442,11,41,0.268,18,22,0.818,15,25,40,31,7,5,3,24,-4.0,0,20,6,7,18,3,8,1,83,31,16
22019,1610612743,DEN,Denver Nuggets,0021900166,2019-11-14,DEN vs. BKN,W,240,101,43,101,0.426,10,33,0.303,5,10,0.5,14,48,62,26,4,3,7,14,8.0,0,18,10,3,4,5,4,1,79,47,19
22019,1610612743,DEN,Denver Nuggets,0021900186,2019-11-17,DEN @ MEM,W,239,131,49,89,0.551,18,32,0.563,15,23,0.652,6,33,39,36,10,10,12,24,17.0,0,9,5,8,39,4,8,1,83,30,20
22019,1610612743,DEN,Denver Nuggets,0021900211,2019-11-20,DEN vs. HOU,W,240,105,44,94,0.468,9,27,0.333,8,15,0.533,15,33,48,29,13,4,14,21,10.0,0,27,12,4,10,1,9,1,68,35,16
22019,1610612743,DEN,Denver Nuggets,0021900222,2019-11-22,DEN vs. BOS,W,239,96,39,88,0.443,7,28,0.25,11,13,0.846,11,37,48,24,7,5,17,17,4.0,0,18,16,10,22,6,5,1,56,26,9
22019,1610612743,DEN,Denver Nuggets,0021900238,2019-11-24,DEN vs. PHX,W,240,116,43,91,0.473,14,31,0.452,16,23,0.696,19,33,52,24,4,2,10,16,12.0,0,8,13,5,22,7,3,1,86,32,16
22019,1610612743,DEN,Denver Nuggets,0021900252,2019-11-26,DEN vs. WAS,W,240,117,47,90,0.522,6,24,0.25,17,23,0.739,10,48,58,31,8,6,20,20,13.0,0,8,20,5,16,2,2,1,93,36,24
22019,1610612743,DEN,Denver Nuggets,0021900280,2019-11-30,DEN @ SAC,L,265,97,36,87,0.414,11,32,0.344,14,21,0.667,9,39,48,23,11,5,16,21,-3.0,0,7,10,6,15,4,6,1,75,34,11
22019,1610612743,DEN,Denver Nuggets,0021900304,2019-12-03,DEN vs. LAL,L,239,96,37,91,0.407,6,29,0.207,16,17,0.941,7,28,35,26,9,4,11,25,-9.0,0,13,5,8,22,5,5,1,61,25,13
22019,1610612743,DEN,Denver Nuggets,0021900317,2019-12-05,DEN @ NYK,W,241,129,49,87,0.563,21,39,0.538,10,18,0.556,9,39,48,38,8,5,13,19,37.0,0,6,10,8,14,3,4,1,109,35,26
22019,1610612743,DEN,Denver Nuggets,0021900323,2019-12-06,DEN @ BOS,L,241,95,39,94,0.415,5,30,0.167,12,15,0.8,12,29,41,18,5,4,12,15,-13.0,0,30,10,4,10,3,3,1,55,28,11
22019,1610612743,DEN,Denver Nuggets,0021900335,2019-12-08,DEN @ BKN,L,240,102,36,89,0.404,18,42,0.429,12,14,0.857,7,30,37,25,4,5,12,23,-3.0,0,24,11,6,21,3,5,1,57,23,14
22019,1610612743,DEN,Denver Nuggets,0021900353,2019-12-10,DEN @ PHI,L,240,92,37,85,0.435,7,27,0.259,11,12,0.917,5,33,38,29,12,9,13,14,-5.0,0,15,7,11,0,1,0,1,77,30,18
22019,1610612743,DEN,Denver Nuggets,0021900370,2019-12-12,DEN vs. POR,W,240,114,42,88,0.477,18,36,0.5,12,19,0.632,15,33,48,25,6,2,10,13,15.0,0,20,11,6,12,6,3,1,82,31,16
22019,1610612743,DEN,Denver Nuggets,0021900387,2019-12-14,DEN vs. OKC,W,240,110,43,85,0.506,7,27,0.259,17,23,0.739,10,34,44,30,6,3,15,23,8.0,0,28,14,12,14,5,7,1,68,25,11
22019,1610612743,DEN,Denver Nuggets,0021900392,2019-12-15,DEN vs. NYK,W,241,111,44,94,0.468,10,28,0.357,13,19,0.684,17,31,48,27,5,6,9,9,6.0,0,25,10,5,14,6,4,1,72,32,18
22019,1610612743,DEN,Denver Nuggets,0021900414,2019-12-18,DEN vs. ORL,W,241,113,40,84,0.476,11,27,0.407,22,25,0.88,14,38,52,28,8,3,17,17,9.0,0,18,9,12,33,5,1,1,62,38,15
22019,1610612743,DEN,Denver Nuggets,0021900427,2019-12-20,DEN vs. MIN,W,240,109,44,89,0.494,10,28,0.357,11,12,0.917,10,34,44,27,9,5,15,22,9.0,0,22,10,10,28,6,5,1,59,28,12
22019,1610612743,DEN,Denver Nuggets,0021900443,2019-12-22,DEN @ LAL,W,241,128,45,92,0.489,11,32,0.344,27,30,0.9,17,27,44,31,13,2,8,19,24.0,0,18,6,5,6,3,5,1,104,35,21
22019,1610612743,DEN,Denver Nuggets,0021900451,2019-12-23,DEN @ PHX,W,239,113,43,78,0.551,15,28,0.536,12,15,0.8,6,33,39,31,10,1,21,24,2.0,0,22,12,10,28,3,7,1,63,24,14
22019,1610612743,DEN,Denver Nuggets,0021900459,2019-12-25,DEN vs. NOP,L,240,100,37,92,0.402,12,37,0.324,14,18,0.778,13,27,40,24,10,4,12,15,-12.0,0,23,10,4,8,4,3,1,69,26,17
22019,1610612743,DEN,Denver Nuggets,0021900472,2019-12-28,DEN vs. MEM,W,241,119,45,93,0.484,9,29,0.31,20,27,0.741,10,33,43,28,9,4,10,20,9.0,0,31,10,10,15,5,5,1,73,28,13
22019,1610612743,DEN,Denver Nuggets,0021900489,2019-12-29,DEN vs. SAC,W,239,120,42,81,0.519,8,29,0.276,28,31,0.903,10,27,37,23,6,4,12,18,5.0,0,17,8,4,13,4,7,1,90,25,12
22019,1610612743,DEN,Denver Nuggets,0021900501,2019-12-31,DEN @ HOU,L,241,104,45,97,0.464,8,25,0.32,6,9,0.667,14,25,39,25,7,5,16,22,-26.0,0,21,8,4,12,0,6,1,71,31,15
22019,1610612743,DEN,Denver Nuggets,0021900509,2020-01-02,DEN @ IND,W,240,124,46,87,0.529,8,27,0.296,24,27,0.889,15,32,47,27,7,2,10,21,8.0,0,22,7,0,22,5,7,1,80,35,20
22019,1610612743,DEN,Denver Nuggets,0021900528,2020-01-04,DEN @ WAS,L,240,114,40,87,0.46,6,29,0.207,28,34,0.824,9,24,33,18,6,2,12,23,-14.0,0,14,10,4,39,1,4,1,61,22,10
22019,1610612743,DEN,Denver Nuggets,0021900543,2020-01-06,DEN @ ATL,W,240,123,47,92,0.511,9,27,0.333,20,27,0.741,7,34,41,27,4,6,4,23,8.0,0,47,8,5,16,5,8,1,60,28,14
22019,1610612743,DEN,Denver Nuggets,0021900559,2020-01-08,DEN @ DAL,W,240,107,41,85,0.482,9,24,0.375,16,20,0.8,9,29,38,27,7,5,12,22,1.0,0,33,6,7,14,3,5,1,60,29,15
22019,1610612743,DEN,Denver Nuggets,0021900582,2020-01-11,DEN vs. CLE,L,241,103,41,95,0.432,8,39,0.205,13,18,0.722,11,31,42,23,9,4,5,13,-8.0,0,19,12,5,24,5,3,1,60,25,15
22019,1610612743,DEN,Denver Nuggets,0021900589,2020-01-12,DEN vs. LAC,W,239,114,37,77,0.481,11,25,0.44,29,37,0.784,9,35,44,24,7,4,13,26,10.0,0,20,15,6,19,4,2,1,75,25,16
22019,1610612743,DEN,Denver Nuggets,0021900610,2020-01-15,DEN vs. CHA,W,241,100,38,79,0.481,9,28,0.321,15,25,0.6,3,37,40,28,8,7,11,18,14.0,0,12,8,8,5,1,1,1,83,31,19
22019,1610612743,DEN,Denver Nuggets,0021900753,2020-02-04,DEN vs. POR,W,241,127,46,90,0.511,17,34,0.5,18,25,0.72,12,38,50,30,5,7,13,22,28.0,0,29,13,9,20,2,6,1,78,35,15
22019,1610612743,DEN,Denver Nuggets,0021900762,2020-02-05,DEN @ UTA,W,241,98,39,90,0.433,7,30,0.233,13,18,0.722,13,39,52,23,8,5,11,17,3.0,0,30,21,10,31,2,4,1,37,29,9
22019,1610612743,DEN,Denver Nuggets,0021900784,2020-02-08,DEN @ PHX,W,240,117,45,82,0.549,11,28,0.393,16,21,0.762,8,32,40,23,7,7,14,22,9.0,0,23,9,6,36,5,5,1,58,26,12
22019,1610612743,DEN,Denver Nuggets,0021900799,2020-02-10,DEN vs. SAS,W,241,127,45,80,0.563,18,35,0.514,19,23,0.826,9,28,37,34,7,5,10,16,7.0,0,19,8,13,26,2,6,1,82,27,15
22019,1610612743,DEN,Denver Nuggets,0021900817,2020-02-12,DEN vs. LAL,L,264,116,44,88,0.5,11,25,0.44,17,22,0.773,3,39,42,32,9,2,10,26,-4.0,0,22,11,6,32,3,10,1,62,28,16
22019,1610612743,DEN,Denver Nuggets,0021900831,2020-02-21,DEN @ OKC,L,241,101,37,77,0.481,6,27,0.222,21,23,0.913,8,31,39,19,7,3,19,20,-12.0,0,32,7,5,21,6,4,1,48,26,10
22019,1610612743,DEN,Denver Nuggets,0021900844,2020-02-23,DEN vs. MIN,W,240,128,53,90,0.589,11,30,0.367,11,17,0.647,5,33,38,29,9,7,13,24,12.0,0,24,7,6,19,1,6,1,85,30,17
22019,1610612743,DEN,Denver Nuggets,0021900860,2020-02-25,DEN vs. DET,W,239,115,44,76,0.579,9,19,0.474,18,22,0.818,9,32,41,33,12,3,18,20,17.0,0,16,5,4,16,5,8,1,83,31,21
22019,1610612743,DEN,Denver Nuggets,0021900886,2020-02-28,DEN @ LAC,L,239,103,41,91,0.451,9,25,0.36,12,16,0.75,13,26,39,19,7,6,14,18,-29.0,0,21,9,2,11,2,2,1,71,28,15
22019,1610612743,DEN,Denver Nuggets,0021900898,2020-03-01,DEN vs. TOR,W,240,133,47,83,0.566,18,36,0.5,21,30,0.7,7,34,41,38,6,1,16,22,15.0,0,23,18,11,22,1,5,1,88,22,22
22019,1610612743,DEN,Denver Nuggets,0021900913,2020-03-03,DEN vs. GSW,L,241,100,39,87,0.448,3,20,0.15,19,26,0.731,19,34,53,22,6,5,15,26,-16.0,0,16,13,7,14,6,3,1,70,34,12
22019,1610612743,DEN,Denver Nuggets,0021900926,2020-03-05,DEN @ CHA,W,241,114,44,83,0.53,8,26,0.308,18,20,0.9,13,25,38,29,7,5,12,21,2.0,0,14,11,8,18,3,6,1,82,24,15
22019,1610612743,DEN,Denver Nuggets,0021900942,2020-03-07,DEN @ CLE,L,241,102,43,85,0.506,13,32,0.406,3,8,0.375,9,24,33,28,15,0,17,19,-2.0,0,8,8,8,17,5,7,1,77,20,13
22019,1610612743,DEN,Denver Nuggets,0021900958,2020-03-09,DEN vs. MIL,W,242,109,41,94,0.436,16,41,0.39,11,12,0.917,6,42,48,28,11,8,12,20,14.0,0,10,9,7,21,5,6,1,78,34,15
22019,1610612743,DEN,Denver Nuggets,0021900973,2020-03-11,DEN @ DAL,L,240,97,39,83,0.47,14,39,0.359,5,8,0.625,3,37,40,23,6,4,15,20,-16.0,0,14,13,8,25,6,5,1,58,21,10
22019,1610612743,DEN,Denver Nuggets,0021901281,2020-08-08,DEN vs. UTA,W,289,134,51,108,0.472,9,37,0.243,23,30,0.767,12,40,52,29,10,5,11,24,2.0,0,30,11,7,23,12,8,1,81,29,14
22019,1610612743,DEN,Denver Nuggets,0021901296,2020-08-10,DEN @ LAL,L,240,121,45,77,0.584,13,23,0.565,18,23,0.783,10,25,35,27,6,2,14,20,-3.0,0,12,1,4,14,4,3,1,95,30,20
22019,1610612743,DEN,Denver Nuggets,0021901307,2020-08-12,DEN vs. LAC,L,241,111,43,87,0.494,13,35,0.371,12,19,0.632,9,33,42,33,4,3,12,19,-13.0,0,17,7,13,10,3,6,1,84,32,14
22019,1610612743,DEN,Denver Nuggets,0021901318,2020-08-14,DEN @ TOR,L,240,109,36,87,0.414,16,38,0.421,21,23,0.913,9,32,41,27,9,11,15,15,-8.0,0,2,1,2,11,0,1,1,96,40,24
42019,1610612743,DEN,Denver Nuggets,0041900161,2020-08-17,DEN vs. UTA,W,263,135,49,95,0.516,22,41,0.537,15,18,0.833,8,33,41,23,10,6,11,22,10.0,1,29,10,3,36,5,9,1,70,26,11
42019,1610612743,DEN,Denver Nuggets,0041900162,2020-08-19,DEN vs. UTA,L,240,105,37,81,0.457,13,27,0.481,18,23,0.783,13,28,41,22,1,4,10,19,-19.0,1,28,11,6,14,3,4,1,63,27,12
42019,1610612743,DEN,Denver Nuggets,0041900163,2020-08-21,DEN @ UTA,L,240,87,33,88,0.375,12,38,0.316,9,11,0.818,16,29,45,20,2,5,17,24,-37.0,1,15,5,6,12,5,6,1,60,35,8
42019,1610612743,DEN,Denver Nuggets,0041900164,2020-08-23,DEN @ UTA,L,240,127,49,100,0.49,17,44,0.386,12,13,0.923,17,23,40,25,2,4,6,24,-2.0,1,29,7,6,50,11,7,1,48,22,12
42019,1610612743,DEN,Denver Nuggets,0041900165,2020-08-25,DEN vs. UTA,W,239,117,43,85,0.506,16,35,0.457,15,16,0.938,5,33,38,22,4,5,9,18,10.0,1,31,6,4,42,8,8,1,44,24,10
42019,1610612743,DEN,Denver Nuggets,0041900166,2020-08-30,DEN @ UTA,W,241,119,39,71,0.549,18,36,0.5,23,26,0.885,7,36,43,22,8,4,15,24,12.0,1,22,4,9,50,5,6,1,47,34,7
42019,1610612743,DEN,Denver Nuggets,0041900167,2020-09-01,DEN vs. UTA,W,239,80,31,83,0.373,8,31,0.258,10,13,0.769,8,38,46,21,7,4,10,18,2.0,1,30,14,4,17,2,4,1,33,30,13
42019,1610612743,DEN,Denver Nuggets,0041900231,2020-09-03,DEN @ LAC,L,239,97,35,83,0.422,9,36,0.25,18,27,0.667,12,28,40,20,9,5,15,21,-23.0,1,15,3,3,12,3,6,1,70,34,11
42019,1610612743,DEN,Denver Nuggets,0041900232,2020-09-05,DEN @ LAC,W,240,110,41,91,0.451,15,40,0.375,13,17,0.765,14,31,45,18,9,8,12,23,9.0,1,26,18,4,27,3,6,1,57,24,8
42019,1610612743,DEN,Denver Nuggets,0041900233,2020-09-07,DEN vs. LAC,L,238,107,44,94,0.468,11,34,0.324,8,10,0.8,8,28,36,32,10,0,12,26,-6.0,1,32,12,8,14,4,9,1,61,20,15
42019,1610612743,DEN,Denver Nuggets,0041900234,2020-09-09,DEN vs. LAC,L,240,85,27,68,0.397,9,27,0.333,22,26,0.846,5,33,38,19,4,5,14,25,-11.0,1,26,11,6,18,4,7,1,41,23,6
42019,1610612743,DEN,Denver Nuggets,0041900235,2020-09-11,DEN @ LAC,W,240,111,39,81,0.481,12,27,0.444,21,25,0.84,6,38,44,20,7,5,11,22,6.0,1,22,14,5,26,8,7,1,63,22,8
42019,1610612743,DEN,Denver Nuggets,0041900236,2020-09-13,DEN vs. LAC,W,240,111,40,74,0.541,12,25,0.48,19,27,0.704,6,35,41,26,8,3,14,18,13.0,1,34,14,7,21,5,5,1,56,22,14
42019,1610612743,DEN,Denver Nuggets,0041900237,2020-09-15,DEN @ LAC,W,240,104,38,77,0.494,13,37,0.351,15,16,0.938,11,42,53,22,4,5,20,20,15.0,1,16,22,13,40,4,5,1,48,27,4
42019,1610612743,DEN,Denver Nuggets,0041900311,2020-09-18,DEN @ LAL,L,239,114,41,83,0.494,9,26,0.346,23,28,0.821,9,28,37,23,3,2,16,26,-12.0,1,21,6,2,21,1,5,1,72,30,16
42019,1610612743,DEN,Denver Nuggets,0041900312,2020-09-20,DEN @ LAL,L,240,103,35,74,0.473,8,24,0.333,25,33,0.758,7,24,31,22,12,4,19,22,-2.0,1,30,6,9,25,6,4,1,48,19,9
42019,1610612743,DEN,Denver Nuggets,0041900313,2020-09-22,DEN vs. LAL,W,240,114,40,73,0.548,11,29,0.379,23,29,0.793,9,35,44,26,8,2,18,21,8.0,1,22,10,5,28,8,12,1,64,26,9
42019,1610612743,DEN,Denver Nuggets,0041900314,2020-09-24,DEN vs. LAL,L,241,108,39,77,0.506,10,28,0.357,20,23,0.87,6,27,33,22,4,3,11,28,-6.0,1,16,7,4,32,3,8,1,60,23,10
42019,1610612743,DEN,Denver Nuggets,0041900315,2020-09-26,DEN @ LAL,L,240,107,38,90,0.422,8,30,0.267,23,26,0.885,9,27,36,23,5,2,11,25,-10.0,1,20,7,5,19,4,8,1,68,25,10
22020,1610612743,DEN,Denver Nuggets,0022000019,2020-12-23,DEN vs. SAC,L,265,122,47,98,0.48,8,29,0.276,20,24,0.833,10,36,46,28,6,11,15,25,-2.0,0,29,15,14,9,4,1,1,84,27,13
22020,1610612743,DEN,Denver Nuggets,0022000009,2020-12-25,DEN vs. LAC,L,238,108,37,81,0.457,11,36,0.306,23,31,0.742,10,22,32,25,7,1,13,20,-13.0,0,24,9,10,23,5,3,1,61,18,12
22020,1610612743,DEN,Denver Nuggets,0022000044,2020-12-28,DEN vs. HOU,W,242,124,46,87,0.529,14,31,0.452,18,32,0.563,11,41,52,31,8,7,14,18,13.0,0,19,12,18,21,5,2,1,84,35,11
22020,1610612743,DEN,Denver Nuggets,0022000076,2021-01-01,DEN vs. PHX,L,242,103,39,86,0.453,12,29,0.414,13,16,0.813,8,30,38,28,7,1,11,25,-3.0,0,17,9,11,31,4,5,1,55,25,12
22020,1610612743,DEN,Denver Nuggets,0022000088,2021-01-03,DEN @ MIN,W,241,124,45,92,0.489,19,45,0.422,15,21,0.714,13,30,43,34,6,4,15,11,15.0,0,19,12,12,36,5,4,1,69,26,18
22020,1610612743,DEN,Denver Nuggets,0022000104,2021-01-05,DEN vs. MIN,W,241,123,41,79,0.519,8,25,0.32,33,45,0.733,10,32,42,22,9,2,14,27,7.0,0,35,15,6,13,1,3,1,75,26,13
22020,1610612743,DEN,Denver Nuggets,0022000120,2021-01-07,DEN vs. DAL,L,265,117,43,97,0.443,15,44,0.341,16,21,0.762,9,38,47,25,8,1,13,27,-7.0,0,38,11,4,21,4,9,1,58,32,12
22020,1610612743,DEN,Denver Nuggets,0022000133,2021-01-09,DEN @ PHI,W,239,115,45,90,0.5,12,33,0.364,13,15,0.867,15,30,45,28,11,7,17,12,12.0,0,15,9,12,14,1,4,1,86,35,12
22020,1610612743,DEN,Denver Nuggets,0022000144,2021-01-10,DEN @ NYK,W,241,114,45,84,0.536,15,35,0.429,9,12,0.75,8,35,43,23,11,4,12,25,25.0,0,22,10,5,9,0,3,1,83,33,15
22020,1610612743,DEN,Denver Nuggets,0022000158,2021-01-12,DEN @ BKN,L,240,116,44,88,0.5,18,37,0.486,10,16,0.625,9,23,32,28,12,5,13,18,-6.0,0,23,8,11,20,0,4,1,73,24,13
22020,1610612743,DEN,Denver Nuggets,0022000177,2021-01-14,DEN vs. GSW,W,240,114,41,90,0.456,11,37,0.297,21,27,0.778,10,40,50,29,11,5,13,23,10.0,0,23,14,10,17,9,6,1,74,27,13
22020,1610612743,DEN,Denver Nuggets,0022000200,2021-01-17,DEN vs. UTA,L,241,105,40,100,0.4,14,37,0.378,11,15,0.733,23,29,52,25,6,6,9,23,-4.0,0,35,14,9,30,5,4,1,40,33,12
22020,1610612743,DEN,Denver Nuggets,0022000213,2021-01-19,DEN vs. OKC,W,241,119,46,105,0.438,14,42,0.333,13,14,0.929,18,40,58,29,11,3,14,22,18.0,0,27,12,6,5,2,4,1,87,44,19
22020,1610612743,DEN,Denver Nuggets,0022000238,2021-01-22,DEN @ PHX,W,264,130,53,103,0.515,6,26,0.231,18,19,0.947,10,33,43,32,12,1,9,15,4.0,0,31,10,8,18,7,9,1,81,26,15
22020,1610612743,DEN,Denver Nuggets,0022000248,2021-01-23,DEN @ PHX,W,291,120,40,97,0.412,15,36,0.417,25,32,0.781,12,53,65,22,4,3,16,20,8.0,0,29,22,6,26,6,5,1,65,37,11
22020,1610612743,DEN,Denver Nuggets,0022000265,2021-01-25,DEN @ DAL,W,240,117,40,79,0.506,15,35,0.429,22,28,0.786,14,35,49,25,9,4,16,20,4.0,0,20,10,4,16,3,2,1,81,36,19
22020,1610612743,DEN,Denver Nuggets,0022000275,2021-01-27,DEN @ MIA,W,239,109,42,92,0.457,14,43,0.326,11,11,1.0,12,37,49,29,14,4,13,12,27.0,0,21,11,3,14,5,4,1,74,33,22
22020,1610612743,DEN,Denver Nuggets,0022000296,2021-01-29,DEN @ SAS,L,242,109,41,78,0.526,14,31,0.452,13,20,0.65,7,30,37,25,8,5,15,15,-10.0,0,35,10,5,20,6,7,1,54,21,13
22020,1610612743,DEN,Denver Nuggets,0022000306,2021-01-31,DEN vs. UTA,W,241,128,47,87,0.54,18,28,0.643,16,19,0.842,7,32,39,28,8,2,8,27,11.0,0,47,12,5,16,4,5,1,65,23,18
22020,1610612743,DEN,Denver Nuggets,0022000341,2021-02-04,DEN @ LAL,L,241,93,36,92,0.391,8,28,0.286,13,15,0.867,16,26,42,19,9,2,15,23,-21.0,0,13,9,6,20,3,5,1,60,30,8
22020,1610612743,DEN,Denver Nuggets,0022000373,2021-02-08,DEN vs. MIL,L,242,112,41,94,0.436,15,36,0.417,15,16,0.938,8,30,38,22,5,4,9,15,-13.0,0,35,12,6,11,3,4,1,66,23,12
22020,1610612743,DEN,Denver Nuggets,0022000388,2021-02-10,DEN vs. CLE,W,242,133,51,85,0.6,16,36,0.444,15,21,0.714,4,35,39,31,12,9,11,18,38.0,0,12,6,12,8,4,4,1,113,29,15
22020,1610612743,DEN,Denver Nuggets,0022000401,2021-02-12,DEN vs. OKC,W,240,97,40,87,0.46,10,40,0.25,7,10,0.7,7,34,41,24,6,6,13,14,2.0,0,22,13,9,22,5,5,1,53,23,10
22020,1610612743,DEN,Denver Nuggets,0022000416,2021-02-14,DEN vs. LAL,W,239,122,39,85,0.459,19,47,0.404,25,34,0.735,9,38,47,28,6,4,9,24,17.0,0,23,16,10,25,6,4,1,74,25,14
22020,1610612743,DEN,Denver Nuggets,0022000427,2021-02-16,DEN @ BOS,L,240,99,38,84,0.452,9,34,0.265,14,15,0.933,11,27,38,25,12,3,17,18,-13.0,0,43,6,5,25,6,6,1,31,26,14
22020,1610612743,DEN,Denver Nuggets,0022000437,2021-02-17,DEN @ WAS,L,240,128,48,92,0.522,17,38,0.447,15,18,0.833,10,32,42,23,7,7,11,26,-2.0,0,33,7,9,35,9,6,1,60,26,8
22020,1610612743,DEN,Denver Nuggets,0022000563,2021-02-19,DEN @ CLE,W,237,120,46,80,0.575,15,31,0.484,13,17,0.765,6,31,37,24,9,2,15,17,17.0,0,16,12,10,50,6,2,1,54,19,12
22020,1610612743,DEN,Denver Nuggets,0022000470,2021-02-21,DEN @ ATL,L,242,115,43,84,0.512,16,36,0.444,13,16,0.813,3,30,33,25,8,3,13,24,-8.0,0,15,10,6,30,4,4,1,70,19,15
22020,1610612743,DEN,Denver Nuggets,0022000487,2021-02-23,DEN vs. POR,W,241,111,40,94,0.426,14,36,0.389,17,18,0.944,10,30,40,25,8,3,1,10,5.0,0,41,5,5,24,5,8,1,46,30,12
22020,1610612743,DEN,Denver Nuggets,0022000502,2021-02-25,DEN vs. WAS,L,241,110,37,85,0.435,15,38,0.395,21,24,0.875,12,32,44,23,6,7,18,20,-2.0,0,24,11,7,34,6,6,1,52,27,10
22020,1610612743,DEN,Denver Nuggets,0022000518,2021-02-27,DEN @ OKC,W,241,126,49,89,0.551,15,31,0.484,13,16,0.813,6,43,49,30,6,3,12,16,30.0,0,19,11,13,26,2,5,1,81,36,12
22020,1610612743,DEN,Denver Nuggets,0022000531,2021-03-01,DEN @ CHI,W,239,118,46,87,0.529,10,27,0.37,16,20,0.8,9,41,50,22,4,6,12,18,6.0,0,39,14,9,24,2,3,1,55,34,10
22020,1610612743,DEN,Denver Nuggets,0022000540,2021-03-02,DEN @ MIL,W,240,128,53,95,0.558,11,30,0.367,11,12,0.917,9,36,45,28,10,3,10,19,31.0,0,37,10,11,24,3,6,1,67,32,11
22020,1610612743,DEN,Denver Nuggets,0022000553,2021-03-04,DEN @ IND,W,241,113,45,77,0.584,12,28,0.429,11,16,0.688,6,35,41,27,6,5,19,13,10.0,0,20,12,8,23,2,4,1,70,27,15
22020,1610612743,DEN,Denver Nuggets,0022000580,2021-03-12,DEN @ MEM,W,241,103,41,92,0.446,13,37,0.351,8,11,0.727,9,36,45,27,10,5,9,10,1.0,0,28,15,7,3,3,5,1,72,27,15
22020,1610612743,DEN,Denver Nuggets,0022000592,2021-03-13,DEN vs. DAL,L,239,103,37,90,0.411,16,41,0.39,13,18,0.722,12,30,42,27,5,1,10,19,-13.0,0,26,9,11,10,2,5,1,67,31,11
22020,1610612743,DEN,Denver Nuggets,0022000606,2021-03-15,DEN vs. IND,W,239,121,45,97,0.464,15,28,0.536,16,19,0.842,17,37,54,32,7,7,10,15,15.0,0,32,14,5,16,6,8,1,73,34,19
22020,1610612743,DEN,Denver Nuggets,0022000624,2021-03-17,DEN vs. CHA,W,240,129,52,90,0.578,16,44,0.364,9,13,0.692,8,40,48,37,12,3,15,22,25.0,0,12,10,10,19,2,5,1,98,36,22
22020,1610612743,DEN,Denver Nuggets,0022000637,2021-03-19,DEN vs. CHI,W,265,131,48,91,0.527,14,34,0.412,21,27,0.778,9,34,43,29,10,3,13,22,4.0,0,34,15,9,34,2,5,1,63,26,15
22020,1610612743,DEN,Denver Nuggets,0022000646,2021-03-21,DEN vs. NOP,L,241,108,44,88,0.5,12,34,0.353,8,10,0.8,10,27,37,30,9,5,15,28,-5.0,0,29,10,10,23,3,7,1,56,24,13
22020,1610612743,DEN,Denver Nuggets,0022000661,2021-03-23,DEN @ ORL,W,241,110,45,91,0.495,8,30,0.267,12,13,0.923,13,39,52,25,12,7,10,13,11.0,0,28,15,10,21,4,4,1,61,33,11
22020,1610612743,DEN,Denver Nuggets,0022000668,2021-03-24,DEN @ TOR,L,241,111,41,98,0.418,14,43,0.326,15,18,0.833,17,29,46,25,5,2,11,19,-24.0,0,20,10,5,20,2,7,1,71,34,13
22020,1610612743,DEN,Denver Nuggets,0022000689,2021-03-26,DEN @ NOP,W,240,113,47,93,0.505,14,28,0.5,5,7,0.714,11,25,36,28,7,7,8,16,5.0,0,37,6,9,23,3,11,1,53,27,8
22020,1610612743,DEN,Denver Nuggets,0022000705,2021-03-28,DEN vs. ATL,W,240,126,50,92,0.543,15,36,0.417,11,16,0.688,15,34,49,32,7,3,10,15,24.0,0,16,10,8,17,2,4,1,93,37,20
22020,1610612743,DEN,Denver Nuggets,0022000719,2021-03-30,DEN vs. PHI,W,240,104,39,81,0.481,12,31,0.387,14,17,0.824,9,42,51,26,9,6,20,16,9.0,0,21,10,5,30,6,4,1,53,35,17
22020,1610612743,DEN,Denver Nuggets,0022000736,2021-04-01,DEN @ LAC,W,240,101,39,81,0.481,13,25,0.52,10,14,0.714,7,31,38,28,6,5,13,16,7.0,0,14,7,7,23,8,2,1,64,23,19
22020,1610612743,DEN,Denver Nuggets,0022000761,2021-04-04,DEN vs. ORL,W,242,119,43,88,0.489,9,29,0.31,24,31,0.774,19,35,54,27,6,5,14,14,10.0,0,17,9,16,22,5,4,1,80,40,7
22020,1610612743,DEN,Denver Nuggets,0022000821,2021-04-12,DEN @ GSW,L,240,107,39,83,0.47,8,26,0.308,21,25,0.84,10,31,41,23,11,2,19,24,-9.0,0,27,12,8,17,4,4,1,63,25,11
22022,1610612743,DEN,Denver Nuggets,0022200012,2022-10-19,DEN @ UTA,L,238,102,40,83,0.482,5,22,0.227,17,18,0.944,10,25,35,21,10,3,21,23,-21.0,0,27,4,6,12,2,1,1,63,29,14
22022,1610612743,DEN,Denver Nuggets,0022200035,2022-10-22,DEN vs. OKC,W,239,122,42,85,0.494,20,38,0.526,18,31,0.581,9,37,46,33,5,6,18,21,5.0,0,19,16,13,16,4,5,1,87,26,15
22022,1610612743,DEN,Denver Nuggets,0022200051,2022-10-24,DEN @ POR,L,242,110,45,91,0.495,12,31,0.387,8,14,0.571,10,28,38,28,4,1,8,28,-25.0,0,9,9,9,8,2,1,1,93,27,18
22022,1610612743,DEN,Denver Nuggets,0022200064,2022-10-26,DEN vs. LAL,W,242,110,42,92,0.457,9,34,0.265,17,21,0.81,9,45,54,34,12,5,11,17,11.0,0,31,13,9,13,4,6,1,66,37,19
22022,1610612743,DEN,Denver Nuggets,0022200078,2022-10-28,DEN vs. UTA,W,239,117,39,85,0.459,17,37,0.459,22,34,0.647,17,41,58,18,2,4,12,18,16.0,0,12,10,6,13,1,1,1,92,47,11
22022,1610612743,DEN,Denver Nuggets,0022200095,2022-10-30,DEN @ LAL,L,241,110,41,96,0.427,15,40,0.375,13,18,0.722,13,35,48,24,3,8,9,15,-11.0,0,23,14,6,21,4,5,1,66,30,13
22022,1610612743,DEN,Denver Nuggets,0022200119,2022-11-03,DEN @ OKC,W,240,122,45,84,0.536,18,31,0.581,14,16,0.875,8,39,47,32,5,2,18,15,12.0,0,15,13,14,24,5,2,1,83,29,16
22022,1610612743,DEN,Denver Nuggets,0022200138,2022-11-05,DEN vs. SAS,W,241,126,53,87,0.609,15,29,0.517,5,10,0.5,10,37,47,37,10,0,16,15,22.4,0,21,6,10,13,1,9,1,92,40,18
22022,1610612743,DEN,Denver Nuggets,0022200154,2022-11-07,DEN @ SAS,W,241,115,47,88,0.534,8,24,0.333,13,20,0.65,8,32,40,33,14,7,20,14,6.0,0,26,8,10,19,5,6,1,70,27,17
22022,1610612743,DEN,Denver Nuggets,0022200160,2022-11-09,DEN @ IND,W,240,122,43,88,0.489,12,28,0.429,24,26,0.923,11,36,47,27,10,7,20,15,3.0,0,24,4,6,18,8,4,1,80,35,17
22022,1610612743,DEN,Denver Nuggets,0022200176,2022-11-11,DEN @ BOS,L,240,112,42,92,0.457,12,29,0.414,16,20,0.8,11,27,38,26,3,1,5,16,-19.0,0,29,8,3,14,4,10,1,69,26,13
22022,1610612743,DEN,Denver Nuggets,0022200196,2022-11-13,DEN @ CHI,W,240,126,48,80,0.6,13,27,0.481,17,21,0.81,5,31,36,33,11,3,16,17,23.0,0,8,6,14,23,2,2,1,95,28,17
22022,1610612743,DEN,Denver Nuggets,0022200258,2022-11-22,DEN vs. DET,L,238,108,43,86,0.5,5,19,0.263,17,26,0.654,15,27,42,28,7,8,17,21,-2.0,0,31,9,10,10,1,8,1,67,32,10
22022,1610612743,DEN,Denver Nuggets,0022200285,2022-11-25,DEN @ LAC,W,241,114,44,89,0.494,10,30,0.333,16,23,0.696,10,27,37,27,9,5,6,24,10.0,0,19,13,6,21,6,9,1,74,18,12
22022,1610612743,DEN,Denver Nuggets,0022200305,2022-11-28,DEN vs. HOU,W,239,129,50,88,0.568,12,30,0.4,17,20,0.85,13,30,43,31,8,4,14,22,16.0,0,32,12,8,31,2,5,1,66,29,18
22022,1610612743,DEN,Denver Nuggets,0022200320,2022-11-30,DEN vs. HOU,W,241,120,44,83,0.53,17,32,0.531,15,20,0.75,8,34,42,30,6,8,11,21,20.0,0,17,9,12,26,4,2,1,77,29,16
22022,1610612743,DEN,Denver Nuggets,0022200327,2022-12-02,DEN @ ATL,L,239,109,45,85,0.529,12,32,0.375,7,13,0.538,9,24,33,31,8,0,15,12,-8.0,0,24,10,8,20,3,7,1,65,20,16
22022,1610612743,DEN,Denver Nuggets,0022200344,2022-12-04,DEN @ NOP,L,241,106,41,81,0.506,8,31,0.258,16,24,0.667,9,34,43,24,5,5,19,22,-15.0,0,32,16,9,18,4,5,1,56,23,10
22022,1610612743,DEN,Denver Nuggets,0022200362,2022-12-06,DEN vs. DAL,L,241,115,40,78,0.513,13,32,0.406,22,28,0.786,8,28,36,30,8,4,17,28,-1.0,0,19,8,8,11,2,5,1,85,26,17
22022,1610612743,DEN,Denver Nuggets,0022200376,2022-12-08,DEN @ POR,W,240,121,47,91,0.516,12,30,0.4,15,22,0.682,16,32,48,28,6,5,16,16,1.0,0,33,10,9,21,5,8,1,67,33,11
22022,1610612743,DEN,Denver Nuggets,0022200393,2022-12-10,DEN vs. UTA,W,240,115,47,86,0.547,8,26,0.308,13,16,0.813,6,33,39,28,5,8,8,17,5.0,0,31,12,14,30,4,5,1,54,23,9
22022,1610612743,DEN,Denver Nuggets,0022200422,2022-12-14,DEN vs. WAS,W,241,141,54,83,0.651,4,16,0.25,29,35,0.829,7,38,45,31,8,7,18,17,13.0,0,43,14,8,5,4,6,1,93,27,17
22022,1610612743,DEN,Denver Nuggets,0022200437,2022-12-16,DEN @ LAL,L,239,108,39,81,0.481,9,27,0.333,21,28,0.75,9,30,39,25,7,4,19,17,-18.0,0,25,11,8,23,5,6,1,60,23,11
22022,1610612743,DEN,Denver Nuggets,0022200450,2022-12-18,DEN vs. CHA,W,241,119,43,94,0.457,11,33,0.333,22,34,0.647,15,40,55,33,6,3,14,17,4.0,0,40,27,10,6,1,11,1,73,27,12
22022,1610612743,DEN,Denver Nuggets,0022200489,2022-12-23,DEN vs. POR,W,239,120,47,81,0.58,10,21,0.476,16,26,0.615,4,34,38,31,9,2,10,19,13.0,0,29,8,11,25,8,12,1,66,22,8
22022,1610612743,DEN,Denver Nuggets,0022200497,2022-12-25,DEN vs. PHX,W,264,128,45,94,0.479,13,36,0.361,25,34,0.735,12,36,48,29,8,4,12,23,3.0,0,41,15,15,26,5,5,1,61,28,9
22022,1610612743,DEN,Denver Nuggets,0022200514,2022-12-27,DEN @ SAC,W,241,113,41,86,0.477,13,37,0.351,18,21,0.857,10,30,40,34,12,3,13,18,7.0,0,20,9,11,25,5,7,1,68,26,16
22022,1610612743,DEN,Denver Nuggets,0022200535,2022-12-30,DEN vs. MIA,W,240,124,45,76,0.592,17,28,0.607,17,22,0.773,5,31,36,34,6,1,20,19,5.0,0,19,12,12,14,2,6,1,91,22,16
22022,1610612743,DEN,Denver Nuggets,0022200557,2023-01-02,DEN @ MIN,L,238,111,42,91,0.462,11,29,0.379,16,20,0.8,18,27,45,27,8,1,14,21,-13.0,0,24,7,9,14,3,4,1,73,35,14
22022,1610612743,DEN,Denver Nuggets,0022200579,2023-01-05,DEN vs. LAC,W,240,122,45,89,0.506,14,36,0.389,18,21,0.857,10,47,57,28,6,5,11,16,31.0,0,12,6,9,18,4,1,1,92,47,18
22022,1610612743,DEN,Denver Nuggets,0022200588,2023-01-06,DEN vs. CLE,W,239,121,43,81,0.531,17,35,0.486,18,23,0.783,13,36,49,28,5,4,12,23,13.0,0,28,15,10,18,4,2,1,75,30,16
22022,1610612743,DEN,Denver Nuggets,0022200609,2023-01-09,DEN vs. LAL,W,242,122,46,99,0.465,15,42,0.357,15,17,0.882,14,41,55,29,7,11,17,19,13.0,0,14,11,16,34,7,4,1,74,37,9
22022,1610612743,DEN,Denver Nuggets,0022200624,2023-01-11,DEN vs. PHX,W,241,126,48,85,0.565,15,34,0.441,15,21,0.714,7,31,38,30,9,4,10,20,29.0,0,21,18,9,16,2,6,1,89,18,15
22022,1610612743,DEN,Denver Nuggets,0022200653,2023-01-15,DEN vs. ORL,W,240,119,48,89,0.539,13,39,0.333,10,19,0.526,12,29,41,32,10,5,15,22,3.0,0,17,10,14,18,4,7,1,84,27,11
22022,1610612743,DEN,Denver Nuggets,0022200667,2023-01-17,DEN vs. POR,W,240,122,44,88,0.5,11,32,0.344,23,28,0.821,11,31,42,32,8,6,11,15,9.0,0,36,12,10,17,5,7,1,69,25,15
22022,1610612743,DEN,Denver Nuggets,0022200676,2023-01-18,DEN vs. MIN,W,240,122,45,85,0.529,8,21,0.381,24,32,0.75,8,26,34,27,10,2,14,19,4.0,0,31,11,13,28,2,4,1,63,21,10
22022,1610612743,DEN,Denver Nuggets,0022200716,2023-01-24,DEN @ NOP,W,240,99,39,80,0.488,11,33,0.333,10,13,0.769,7,27,34,27,8,5,12,20,1.0,0,25,11,10,25,1,7,1,49,22,10
22022,1610612743,DEN,Denver Nuggets,0022200741,2023-01-28,DEN @ PHI,L,241,119,44,81,0.543,14,34,0.412,17,20,0.85,6,30,36,28,6,6,14,14,-7.0,0,24,8,9,22,4,6,1,73,24,13
22022,1610612743,DEN,Denver Nuggets,0022200768,2023-01-31,DEN vs. NOP,W,240,122,43,87,0.494,16,36,0.444,20,24,0.833,10,34,44,33,7,3,18,21,9.0,0,26,18,15,32,5,6,1,64,21,12
22022,1610612743,DEN,Denver Nuggets,0022200783,2023-02-02,DEN vs. GSW,W,238,134,51,90,0.567,16,35,0.457,16,21,0.762,7,31,38,35,10,2,11,19,17.0,0,22,14,16,33,5,8,1,79,19,11
22022,1610612743,DEN,Denver Nuggets,0022200801,2023-02-04,DEN vs. ATL,W,240,128,48,95,0.505,15,38,0.395,17,20,0.85,12,36,48,32,14,6,12,15,20.0,0,14,18,10,41,5,7,1,73,25,15
22022,1610612743,DEN,Denver Nuggets,0022200886,2023-02-23,DEN @ CLE,W,240,115,39,84,0.464,17,36,0.472,20,23,0.87,18,29,47,30,7,4,16,20,6.0,0,24,18,13,16,1,9,1,75,28,8
22022,1610612743,DEN,Denver Nuggets,0022200907,2023-02-25,DEN @ MEM,L,240,94,36,89,0.404,11,37,0.297,11,14,0.786,11,37,48,22,4,4,15,13,-18.0,0,15,13,3,8,3,4,1,71,32,15
22022,1610612743,DEN,Denver Nuggets,0022200918,2023-02-26,DEN vs. LAC,W,266,134,49,96,0.51,13,39,0.333,23,31,0.742,11,39,50,35,10,3,14,23,10.0,0,40,17,10,21,5,12,1,73,28,13
22022,1610612743,DEN,Denver Nuggets,0022200926,2023-02-28,DEN @ HOU,W,240,133,53,92,0.576,16,37,0.432,11,16,0.688,11,32,43,40,8,5,11,10,21.0,0,14,11,10,32,4,6,1,87,28,24
22022,1610612743,DEN,Denver Nuggets,0022200952,2023-03-03,DEN vs. MEM,W,240,113,40,87,0.46,8,31,0.258,25,31,0.806,13,40,53,28,6,5,8,21,16.0,0,18,18,10,22,5,9,1,73,30,9
22022,1610612743,DEN,Denver Nuggets,0022200975,2023-03-06,DEN vs. TOR,W,240,118,43,86,0.5,13,33,0.394,19,23,0.826,12,29,41,30,9,2,13,12,5.0,0,17,13,9,24,1,5,1,77,27,16
22022,1610612743,DEN,Denver Nuggets,0022200989,2023-03-08,DEN vs. CHI,L,241,96,37,88,0.42,15,40,0.375,7,15,0.467,11,33,44,26,5,2,11,16,-21.0,0,18,12,8,11,2,5,1,67,30,13
22022,1610612743,DEN,Denver Nuggets,0022201002,2023-03-10,DEN @ SAS,L,240,120,44,90,0.489,13,35,0.371,19,20,0.95,8,25,33,32,14,4,14,14,-8.0,0,37,11,11,24,6,7,1,59,16,14
22022,1610612743,DEN,Denver Nuggets,0022201014,2023-03-12,DEN vs. BKN,L,240,120,45,90,0.5,12,31,0.387,18,24,0.75,15,34,49,27,4,8,15,19,-2.0,0,35,20,11,16,3,1,1,69,26,15
22022,1610612743,DEN,Denver Nuggets,0022201029,2023-03-14,DEN @ TOR,L,239,110,42,76,0.553,6,25,0.24,20,25,0.8,4,28,32,29,9,4,14,17,-15.0,0,28,8,7,14,2,9,1,68,22,13
22022,1610612743,DEN,Denver Nuggets,0022201042,2023-03-16,DEN @ DET,W,239,119,47,89,0.528,8,24,0.333,17,25,0.68,13,34,47,29,9,7,9,15,19.0,0,30,10,9,19,6,10,1,70,31,10
22022,1610612743,DEN,Denver Nuggets,0022201055,2023-03-18,DEN @ NYK,L,240,110,43,84,0.512,12,33,0.364,12,15,0.8,6,27,33,30,3,2,13,21,-6.0,0,24,10,8,25,4,6,1,61,19,16
22022,1610612743,DEN,Denver Nuggets,0022201063,2023-03-19,DEN @ BKN,W,239,108,42,80,0.525,12,23,0.522,12,13,0.923,6,34,40,31,5,3,16,17,6.0,0,22,17,10,25,1,8,1,61,22,13
22022,1610612743,DEN,Denver Nuggets,0022201083,2023-03-22,DEN @ WAS,W,242,118,42,83,0.506,15,32,0.469,19,21,0.905,11,30,41,28,7,2,10,18,14.0,0,31,12,7,17,6,8,1,70,23,13
22022,1610612743,DEN,Denver Nuggets,0022201109,2023-03-25,DEN vs. MIL,W,240,129,47,89,0.528,15,36,0.417,20,28,0.714,7,41,48,28,4,3,10,18,23.0,0,31,6,11,26,6,9,1,72,36,8
22022,1610612743,DEN,Denver Nuggets,0022201126,2023-03-27,DEN vs. PHI,W,241,116,43,85,0.506,11,32,0.344,19,22,0.864,10,32,42,34,8,4,12,16,5.0,0,25,17,12,19,5,7,1,72,20,15
22022,1610612743,DEN,Denver Nuggets,0022201183,2023-04-04,DEN @ HOU,L,240,103,41,87,0.471,11,36,0.306,10,18,0.556,13,34,47,26,9,13,20,18,-21.0,0,14,10,4,2,0,4,1,87,37,18
22022,1610612743,DEN,Denver Nuggets,0022201213,2023-04-08,DEN @ UTA,L,240,114,41,90,0.456,15,46,0.326,17,24,0.708,5,36,41,32,7,9,14,20,-4.0,0,6,10,10,20,4,5,1,88,27,17
42022,1610612743,DEN,Denver Nuggets,0042200141,2023-04-16,DEN vs. MIN,W,237,109,41,90,0.456,16,39,0.41,11,17,0.647,11,43,54,24,6,4,10,20,29.0,1,13,14,6,24,8,8,1,72,32,10
42022,1610612743,DEN,Denver Nuggets,0042200142,2023-04-19,DEN vs. MIN,W,240,122,46,85,0.541,10,22,0.455,20,25,0.8,9,27,36,26,6,1,10,25,9.0,1,27,9,9,40,3,5,1,55,24,12
42022,1610612743,DEN,Denver Nuggets,0042200143,2023-04-21,DEN @ MIN,W,241,120,48,84,0.571,13,32,0.406,11,13,0.846,5,35,40,32,8,4,14,26,9.0,1,20,11,12,18,6,9,1,82,23,11
42022,1610612743,DEN,Denver Nuggets,0042200144,2023-04-23,DEN @ MIN,L,265,108,42,95,0.442,12,35,0.343,12,18,0.667,10,37,47,21,6,5,11,23,-6.0,1,43,11,6,19,7,5,1,46,29,10
42022,1610612743,DEN,Denver Nuggets,0042200145,2023-04-25,DEN vs. MIN,W,241,112,34,85,0.4,12,34,0.353,32,36,0.889,16,31,47,22,10,3,12,21,3.0,1,28,17,12,35,4,5,1,49,26,5
42022,1610612743,DEN,Denver Nuggets,0042200221,2023-04-29,DEN vs. PHX,W,240,125,48,101,0.475,16,37,0.432,13,15,0.867,16,33,49,22,14,1,9,19,18.0,1,24,19,5,34,5,9,1,67,25,8
42022,1610612743,DEN,Denver Nuggets,0042200222,2023-05-01,DEN vs. PHX,W,240,97,36,76,0.474,7,27,0.259,18,21,0.857,5,36,41,19,5,6,10,16,10.0,1,39,16,5,10,4,8,1,48,21,6
42022,1610612743,DEN,Denver Nuggets,0042200223,2023-05-05,DEN @ PHX,L,240,114,43,97,0.443,10,30,0.333,18,21,0.857,16,35,51,27,6,5,12,21,-7.0,1,30,17,17,32,6,5,1,52,28,5
42022,1610612743,DEN,Denver Nuggets,0042200224,2023-05-07,DEN @ PHX,L,240,124,50,89,0.562,7,22,0.318,17,23,0.739,10,22,32,28,6,2,8,19,-5.0,1,53,4,11,28,5,7,1,43,23,10
42022,1610612743,DEN,Denver Nuggets,0042200225,2023-05-09,DEN vs. PHX,W,243,118,42,85,0.494,13,27,0.481,21,28,0.75,10,40,50,32,6,6,10,17,16.0,1,29,13,12,19,5,6,1,70,32,14
42022,1610612743,DEN,Denver Nuggets,0042200226,2023-05-11,DEN @ PHX,W,242,125,44,82,0.537,8,22,0.364,29,31,0.935,7,34,41,24,10,3,10,22,25.0,1,32,10,12,26,4,4,1,67,27,8
42022,1610612743,DEN,Denver Nuggets,0042200311,2023-05-16,DEN vs. LAL,W,240,132,50,91,0.549,15,32,0.469,17,22,0.773,15,32,47,29,5,7,11,21,6.0,1,34,21,14,31,5,5,1,67,21,10
42022,1610612743,DEN,Denver Nuggets,0042200312,2023-05-18,DEN vs. LAL,W,241,108,39,89,0.438,14,38,0.368,16,18,0.889,11,38,49,27,8,2,15,18,5.0,1,23,17,12,37,10,5,1,48,22,10
42022,1610612743,DEN,Denver Nuggets,0042200313,2023-05-20,DEN @ LAL,W,239,119,44,88,0.5,17,41,0.415,14,19,0.737,5,34,39,30,7,1,5,19,11.0,1,24,6,8,37,7,6,1,58,26,16
42022,1610612743,DEN,Denver Nuggets,0042200314,2023-05-22,DEN @ LAL,W,239,113,41,85,0.482,12,33,0.364,19,22,0.864,11,29,40,25,3,9,8,20,2.0,1,30,14,13,25,3,5,1,58,23,7
42022,1610612743,DEN,Denver Nuggets,0042200401,2023-06-01,DEN vs. MIA,W,239,104,40,79,0.506,8,27,0.296,16,20,0.8,6,39,45,29,4,4,10,8,11.0,1,27,10,14,26,6,10,1,51,29,5
42022,1610612743,DEN,Denver Nuggets,0042200402,2023-06-04,DEN vs. MIA,L,239,108,39,75,0.52,11,28,0.393,19,22,0.864,9,29,38,23,7,2,13,21,-3.0,1,41,11,4,18,4,10,1,49,23,9
42022,1610612743,DEN,Denver Nuggets,0042200403,2023-06-07,DEN @ MIA,W,238,109,41,80,0.513,5,18,0.278,22,27,0.815,13,45,58,28,3,5,13,18,15.0,1,32,21,10,34,10,10,1,43,27,8
42022,1610612743,DEN,Denver Nuggets,0042200404,2023-06-09,DEN @ MIA,W,242,108,39,79,0.494,14,28,0.5,16,21,0.762,5,29,34,26,11,7,6,18,13.0,1,23,12,4,15,3,12,1,70,19,10
42022,1610612743,DEN,Denver Nuggets,0042200405,2023-06-12,DEN vs. MIA,W,240,94,38,84,0.452,5,28,0.179,13,23,0.565,11,46,57,21,6,7,14,13,5.0,1,28,16,4,14,8,8,1,52,33,9
